USE [DBGestorDeStock ]
GO
SET IDENTITY_INSERT [dbo].[provincia] ON 

INSERT [dbo].[provincia] ([codProvincia], [nombreProvincia]) VALUES (1, N'BUENOS AIRES')
INSERT [dbo].[provincia] ([codProvincia], [nombreProvincia]) VALUES (2, N'CATAMARCA')
INSERT [dbo].[provincia] ([codProvincia], [nombreProvincia]) VALUES (3, N'CHACO')
INSERT [dbo].[provincia] ([codProvincia], [nombreProvincia]) VALUES (4, N'CHUBUT')
INSERT [dbo].[provincia] ([codProvincia], [nombreProvincia]) VALUES (5, N'CÓRDOBA')
INSERT [dbo].[provincia] ([codProvincia], [nombreProvincia]) VALUES (6, N'CORRIENTES')
INSERT [dbo].[provincia] ([codProvincia], [nombreProvincia]) VALUES (7, N'ENTRE RÍOS')
INSERT [dbo].[provincia] ([codProvincia], [nombreProvincia]) VALUES (8, N'FORMOSA')
INSERT [dbo].[provincia] ([codProvincia], [nombreProvincia]) VALUES (9, N'JUJUY')
INSERT [dbo].[provincia] ([codProvincia], [nombreProvincia]) VALUES (10, N'LA PAMPA')
INSERT [dbo].[provincia] ([codProvincia], [nombreProvincia]) VALUES (11, N'LA RIOJA')
INSERT [dbo].[provincia] ([codProvincia], [nombreProvincia]) VALUES (12, N'MENDOZA')
INSERT [dbo].[provincia] ([codProvincia], [nombreProvincia]) VALUES (13, N'MISIONES')
INSERT [dbo].[provincia] ([codProvincia], [nombreProvincia]) VALUES (14, N'NEUQUÉN')
INSERT [dbo].[provincia] ([codProvincia], [nombreProvincia]) VALUES (15, N'RÍO NEGRO')
INSERT [dbo].[provincia] ([codProvincia], [nombreProvincia]) VALUES (16, N'SALTA')
INSERT [dbo].[provincia] ([codProvincia], [nombreProvincia]) VALUES (17, N'SAN JUAN')
INSERT [dbo].[provincia] ([codProvincia], [nombreProvincia]) VALUES (18, N'SAN LUIS')
INSERT [dbo].[provincia] ([codProvincia], [nombreProvincia]) VALUES (19, N'SANTA CRUZ')
INSERT [dbo].[provincia] ([codProvincia], [nombreProvincia]) VALUES (20, N'SANTA FE')
INSERT [dbo].[provincia] ([codProvincia], [nombreProvincia]) VALUES (21, N'SANTIAGO DEL ESTERO')
INSERT [dbo].[provincia] ([codProvincia], [nombreProvincia]) VALUES (22, N'TIERRA DEL FUEGO')
INSERT [dbo].[provincia] ([codProvincia], [nombreProvincia]) VALUES (23, N'TUCUMÁN')
SET IDENTITY_INSERT [dbo].[provincia] OFF
SET IDENTITY_INSERT [dbo].[localidad] ON 

INSERT [dbo].[localidad] ([codLocalidad], [nombreLocalidad], [codProvincia]) VALUES (1, N'11 DE SEPTIEMBRE', 1)
INSERT [dbo].[localidad] ([codLocalidad], [nombreLocalidad], [codProvincia]) VALUES (2, N'20 DE JUNIO', 1)
INSERT [dbo].[localidad] ([codLocalidad], [nombreLocalidad], [codProvincia]) VALUES (3, N'25 DE MAYO', 1)
INSERT [dbo].[localidad] ([codLocalidad], [nombreLocalidad], [codProvincia]) VALUES (4, N'25 DE MAYO', 1)
INSERT [dbo].[localidad] ([codLocalidad], [nombreLocalidad], [codProvincia]) VALUES (5, N'3 DE FEBRERO', 1)
INSERT [dbo].[localidad] ([codLocalidad], [nombreLocalidad], [codProvincia]) VALUES (6, N'A. ALSINA', 1)
INSERT [dbo].[localidad] ([codLocalidad], [nombreLocalidad], [codProvincia]) VALUES (7, N'ADOLFO GONZÁLES CHÁVES', 1)
INSERT [dbo].[localidad] ([codLocalidad], [nombreLocalidad], [codProvincia]) VALUES (8, N'ACASSUSO', 1)
INSERT [dbo].[localidad] ([codLocalidad], [nombreLocalidad], [codProvincia]) VALUES (9, N'ADROGUÉ', 1)
INSERT [dbo].[localidad] ([codLocalidad], [nombreLocalidad], [codProvincia]) VALUES (10, N'AGRONOMÍA', 1)
INSERT [dbo].[localidad] ([codLocalidad], [nombreLocalidad], [codProvincia]) VALUES (11, N'AGUAS VERDES', 1)
INSERT [dbo].[localidad] ([codLocalidad], [nombreLocalidad], [codProvincia]) VALUES (12, N'ALBERTI', 1)
INSERT [dbo].[localidad] ([codLocalidad], [nombreLocalidad], [codProvincia]) VALUES (13, N'ALDO BONZI', 1)
INSERT [dbo].[localidad] ([codLocalidad], [nombreLocalidad], [codProvincia]) VALUES (14, N'ALMAGRO', 1)
INSERT [dbo].[localidad] ([codLocalidad], [nombreLocalidad], [codProvincia]) VALUES (15, N'ÁREA RESERVA CINTURÓN ECOLÓGICO', 1)
INSERT [dbo].[localidad] ([codLocalidad], [nombreLocalidad], [codProvincia]) VALUES (16, N'ARRECIFES', 1)
INSERT [dbo].[localidad] ([codLocalidad], [nombreLocalidad], [codProvincia]) VALUES (17, N'AVELLANEDA', 1)
INSERT [dbo].[localidad] ([codLocalidad], [nombreLocalidad], [codProvincia]) VALUES (18, N'AYACUCHO', 1)
INSERT [dbo].[localidad] ([codLocalidad], [nombreLocalidad], [codProvincia]) VALUES (19, N'AZUL', 1)
INSERT [dbo].[localidad] ([codLocalidad], [nombreLocalidad], [codProvincia]) VALUES (20, N'BAHÍA BLANCA', 1)
INSERT [dbo].[localidad] ([codLocalidad], [nombreLocalidad], [codProvincia]) VALUES (21, N'BALCARCE', 1)
INSERT [dbo].[localidad] ([codLocalidad], [nombreLocalidad], [codProvincia]) VALUES (22, N'BALVANERA', 1)
INSERT [dbo].[localidad] ([codLocalidad], [nombreLocalidad], [codProvincia]) VALUES (23, N'BANFIELD', 1)
INSERT [dbo].[localidad] ([codLocalidad], [nombreLocalidad], [codProvincia]) VALUES (24, N'BARADERO', 1)
INSERT [dbo].[localidad] ([codLocalidad], [nombreLocalidad], [codProvincia]) VALUES (25, N'BARRACAS', 1)
INSERT [dbo].[localidad] ([codLocalidad], [nombreLocalidad], [codProvincia]) VALUES (26, N'BARRIO PARQUE', 1)
INSERT [dbo].[localidad] ([codLocalidad], [nombreLocalidad], [codProvincia]) VALUES (27, N'BARRIO SANTA TERESITA', 1)
INSERT [dbo].[localidad] ([codLocalidad], [nombreLocalidad], [codProvincia]) VALUES (28, N'BECCAR', 1)
INSERT [dbo].[localidad] ([codLocalidad], [nombreLocalidad], [codProvincia]) VALUES (29, N'BELGRANO', 1)
INSERT [dbo].[localidad] ([codLocalidad], [nombreLocalidad], [codProvincia]) VALUES (30, N'BELLA VISTA', 1)
INSERT [dbo].[localidad] ([codLocalidad], [nombreLocalidad], [codProvincia]) VALUES (31, N'BENITO JUÁREZ', 1)
INSERT [dbo].[localidad] ([codLocalidad], [nombreLocalidad], [codProvincia]) VALUES (32, N'BERAZATEGUI', 1)
INSERT [dbo].[localidad] ([codLocalidad], [nombreLocalidad], [codProvincia]) VALUES (33, N'BERISSO', 1)
INSERT [dbo].[localidad] ([codLocalidad], [nombreLocalidad], [codProvincia]) VALUES (34, N'BERNAL ESTE', 1)
INSERT [dbo].[localidad] ([codLocalidad], [nombreLocalidad], [codProvincia]) VALUES (35, N'BERNAL OESTE', 1)
INSERT [dbo].[localidad] ([codLocalidad], [nombreLocalidad], [codProvincia]) VALUES (36, N'BILLINGHURST', 1)
INSERT [dbo].[localidad] ([codLocalidad], [nombreLocalidad], [codProvincia]) VALUES (37, N'BOCA', 1)
INSERT [dbo].[localidad] ([codLocalidad], [nombreLocalidad], [codProvincia]) VALUES (38, N'BOEDO', 1)
INSERT [dbo].[localidad] ([codLocalidad], [nombreLocalidad], [codProvincia]) VALUES (39, N'BOLÍVAR', 1)
INSERT [dbo].[localidad] ([codLocalidad], [nombreLocalidad], [codProvincia]) VALUES (40, N'BOULOGNE', 1)
INSERT [dbo].[localidad] ([codLocalidad], [nombreLocalidad], [codProvincia]) VALUES (41, N'BRAGADO', 1)
INSERT [dbo].[localidad] ([codLocalidad], [nombreLocalidad], [codProvincia]) VALUES (42, N'BRANDSEN', 1)
INSERT [dbo].[localidad] ([codLocalidad], [nombreLocalidad], [codProvincia]) VALUES (43, N'BURZACO', 1)
INSERT [dbo].[localidad] ([codLocalidad], [nombreLocalidad], [codProvincia]) VALUES (44, N'CABALLITO', 1)
INSERT [dbo].[localidad] ([codLocalidad], [nombreLocalidad], [codProvincia]) VALUES (45, N'CAMPANA', 1)
INSERT [dbo].[localidad] ([codLocalidad], [nombreLocalidad], [codProvincia]) VALUES (46, N'CAÑUELAS', 1)
INSERT [dbo].[localidad] ([codLocalidad], [nombreLocalidad], [codProvincia]) VALUES (47, N'CAPILLA DEL SEÑOR', 1)
INSERT [dbo].[localidad] ([codLocalidad], [nombreLocalidad], [codProvincia]) VALUES (48, N'CAPITÁN SARMIENTO', 1)
INSERT [dbo].[localidad] ([codLocalidad], [nombreLocalidad], [codProvincia]) VALUES (49, N'CARAPACHAY', 1)
INSERT [dbo].[localidad] ([codLocalidad], [nombreLocalidad], [codProvincia]) VALUES (50, N'CARAPACHAY', 1)
INSERT [dbo].[localidad] ([codLocalidad], [nombreLocalidad], [codProvincia]) VALUES (51, N'CARHUE', 1)
INSERT [dbo].[localidad] ([codLocalidad], [nombreLocalidad], [codProvincia]) VALUES (52, N'CARILÓ', 1)
INSERT [dbo].[localidad] ([codLocalidad], [nombreLocalidad], [codProvincia]) VALUES (53, N'CARLOS CASARES', 1)
INSERT [dbo].[localidad] ([codLocalidad], [nombreLocalidad], [codProvincia]) VALUES (54, N'CARLOS TEJEDOR', 1)
INSERT [dbo].[localidad] ([codLocalidad], [nombreLocalidad], [codProvincia]) VALUES (55, N'CARMEN DE ARECO', 1)
INSERT [dbo].[localidad] ([codLocalidad], [nombreLocalidad], [codProvincia]) VALUES (56, N'CARMEN DE PATAGONES', 1)
INSERT [dbo].[localidad] ([codLocalidad], [nombreLocalidad], [codProvincia]) VALUES (57, N'CASEROS', 1)
INSERT [dbo].[localidad] ([codLocalidad], [nombreLocalidad], [codProvincia]) VALUES (58, N'CASTELAR', 1)
INSERT [dbo].[localidad] ([codLocalidad], [nombreLocalidad], [codProvincia]) VALUES (59, N'CASTELLI', 1)
INSERT [dbo].[localidad] ([codLocalidad], [nombreLocalidad], [codProvincia]) VALUES (60, N'CHACABUCO', 1)
INSERT [dbo].[localidad] ([codLocalidad], [nombreLocalidad], [codProvincia]) VALUES (61, N'CHACARITA', 1)
INSERT [dbo].[localidad] ([codLocalidad], [nombreLocalidad], [codProvincia]) VALUES (62, N'CHASCOMÚS', 1)
INSERT [dbo].[localidad] ([codLocalidad], [nombreLocalidad], [codProvincia]) VALUES (63, N'CHIVILCOY', 1)
INSERT [dbo].[localidad] ([codLocalidad], [nombreLocalidad], [codProvincia]) VALUES (64, N'CHURRUCA', 1)
INSERT [dbo].[localidad] ([codLocalidad], [nombreLocalidad], [codProvincia]) VALUES (65, N'CIUDAD EVITA', 1)
INSERT [dbo].[localidad] ([codLocalidad], [nombreLocalidad], [codProvincia]) VALUES (66, N'CIUDAD MADERO', 1)
INSERT [dbo].[localidad] ([codLocalidad], [nombreLocalidad], [codProvincia]) VALUES (67, N'CIUDADELA', 1)
INSERT [dbo].[localidad] ([codLocalidad], [nombreLocalidad], [codProvincia]) VALUES (68, N'CLAYPOLE', 1)
INSERT [dbo].[localidad] ([codLocalidad], [nombreLocalidad], [codProvincia]) VALUES (69, N'COGHLAN', 1)
INSERT [dbo].[localidad] ([codLocalidad], [nombreLocalidad], [codProvincia]) VALUES (70, N'COLEGIALES', 1)
INSERT [dbo].[localidad] ([codLocalidad], [nombreLocalidad], [codProvincia]) VALUES (71, N'COLÓN', 1)
INSERT [dbo].[localidad] ([codLocalidad], [nombreLocalidad], [codProvincia]) VALUES (72, N'CONSTITUCIÓN', 1)
INSERT [dbo].[localidad] ([codLocalidad], [nombreLocalidad], [codProvincia]) VALUES (73, N'CORONEL DORREGO', 1)
INSERT [dbo].[localidad] ([codLocalidad], [nombreLocalidad], [codProvincia]) VALUES (74, N'CORONEL PRINGLES', 1)
INSERT [dbo].[localidad] ([codLocalidad], [nombreLocalidad], [codProvincia]) VALUES (75, N'CORONEL ROSALES', 1)
INSERT [dbo].[localidad] ([codLocalidad], [nombreLocalidad], [codProvincia]) VALUES (76, N'CORONEL SUAREZ', 1)
INSERT [dbo].[localidad] ([codLocalidad], [nombreLocalidad], [codProvincia]) VALUES (77, N'COSTA AZUL', 1)
INSERT [dbo].[localidad] ([codLocalidad], [nombreLocalidad], [codProvincia]) VALUES (78, N'COSTA CHICA', 1)
INSERT [dbo].[localidad] ([codLocalidad], [nombreLocalidad], [codProvincia]) VALUES (79, N'COSTA DEL ESTE', 1)
INSERT [dbo].[localidad] ([codLocalidad], [nombreLocalidad], [codProvincia]) VALUES (80, N'COSTA ESMERALDA', 1)
INSERT [dbo].[localidad] ([codLocalidad], [nombreLocalidad], [codProvincia]) VALUES (81, N'CRUCECITA', 1)
INSERT [dbo].[localidad] ([codLocalidad], [nombreLocalidad], [codProvincia]) VALUES (82, N'DAIREAUX', 1)
INSERT [dbo].[localidad] ([codLocalidad], [nombreLocalidad], [codProvincia]) VALUES (83, N'DARREGUEIRA', 1)
INSERT [dbo].[localidad] ([codLocalidad], [nombreLocalidad], [codProvincia]) VALUES (84, N'DEL VISO', 1)
INSERT [dbo].[localidad] ([codLocalidad], [nombreLocalidad], [codProvincia]) VALUES (85, N'DOCK SUD', 1)
INSERT [dbo].[localidad] ([codLocalidad], [nombreLocalidad], [codProvincia]) VALUES (86, N'DOLORES', 1)
INSERT [dbo].[localidad] ([codLocalidad], [nombreLocalidad], [codProvincia]) VALUES (87, N'DON BOSCO', 1)
INSERT [dbo].[localidad] ([codLocalidad], [nombreLocalidad], [codProvincia]) VALUES (88, N'DON ORIONE', 1)
INSERT [dbo].[localidad] ([codLocalidad], [nombreLocalidad], [codProvincia]) VALUES (89, N'DON TORCUATO', 1)
INSERT [dbo].[localidad] ([codLocalidad], [nombreLocalidad], [codProvincia]) VALUES (90, N'EL JAGÜEL', 1)
INSERT [dbo].[localidad] ([codLocalidad], [nombreLocalidad], [codProvincia]) VALUES (91, N'EL LIBERTADOR', 1)
INSERT [dbo].[localidad] ([codLocalidad], [nombreLocalidad], [codProvincia]) VALUES (92, N'EL PALOMAR', 1)
INSERT [dbo].[localidad] ([codLocalidad], [nombreLocalidad], [codProvincia]) VALUES (93, N'EL TALA', 1)
INSERT [dbo].[localidad] ([codLocalidad], [nombreLocalidad], [codProvincia]) VALUES (94, N'EL TRÉBOL', 1)
INSERT [dbo].[localidad] ([codLocalidad], [nombreLocalidad], [codProvincia]) VALUES (95, N'ENSENADA', 1)
INSERT [dbo].[localidad] ([codLocalidad], [nombreLocalidad], [codProvincia]) VALUES (96, N'ESCOBAR', 1)
INSERT [dbo].[localidad] ([codLocalidad], [nombreLocalidad], [codProvincia]) VALUES (97, N'EXALTACIÓN DE LA CRUZ', 1)
INSERT [dbo].[localidad] ([codLocalidad], [nombreLocalidad], [codProvincia]) VALUES (98, N'EZEIZA', 1)
INSERT [dbo].[localidad] ([codLocalidad], [nombreLocalidad], [codProvincia]) VALUES (99, N'EZPELETA', 1)
GO
INSERT [dbo].[localidad] ([codLocalidad], [nombreLocalidad], [codProvincia]) VALUES (100, N'FLORENCIO VARELA', 1)
INSERT [dbo].[localidad] ([codLocalidad], [nombreLocalidad], [codProvincia]) VALUES (101, N'FLORENTINO AMEGHINO', 1)
INSERT [dbo].[localidad] ([codLocalidad], [nombreLocalidad], [codProvincia]) VALUES (102, N'FLORES', 1)
INSERT [dbo].[localidad] ([codLocalidad], [nombreLocalidad], [codProvincia]) VALUES (103, N'FLORESTA', 1)
INSERT [dbo].[localidad] ([codLocalidad], [nombreLocalidad], [codProvincia]) VALUES (104, N'FLORIDA', 1)
INSERT [dbo].[localidad] ([codLocalidad], [nombreLocalidad], [codProvincia]) VALUES (105, N'FRANCISCO ÁLVAREZ', 1)
INSERT [dbo].[localidad] ([codLocalidad], [nombreLocalidad], [codProvincia]) VALUES (106, N'GARÍN', 1)
INSERT [dbo].[localidad] ([codLocalidad], [nombreLocalidad], [codProvincia]) VALUES (107, N'GERLI', 1)
INSERT [dbo].[localidad] ([codLocalidad], [nombreLocalidad], [codProvincia]) VALUES (108, N'GLEW', 1)
INSERT [dbo].[localidad] ([codLocalidad], [nombreLocalidad], [codProvincia]) VALUES (109, N'GONZÁLEZ CATÁN', 1)
INSERT [dbo].[localidad] ([codLocalidad], [nombreLocalidad], [codProvincia]) VALUES (110, N'GENERAL ALVARADO', 1)
INSERT [dbo].[localidad] ([codLocalidad], [nombreLocalidad], [codProvincia]) VALUES (111, N'GENERAL ALVEAR', 1)
INSERT [dbo].[localidad] ([codLocalidad], [nombreLocalidad], [codProvincia]) VALUES (112, N'GENERAL ARENALES', 1)
INSERT [dbo].[localidad] ([codLocalidad], [nombreLocalidad], [codProvincia]) VALUES (113, N'GENERAL BELGRANO', 1)
INSERT [dbo].[localidad] ([codLocalidad], [nombreLocalidad], [codProvincia]) VALUES (114, N'GENERAL GUIDO', 1)
INSERT [dbo].[localidad] ([codLocalidad], [nombreLocalidad], [codProvincia]) VALUES (115, N'GENERAL LAMADRID', 1)
INSERT [dbo].[localidad] ([codLocalidad], [nombreLocalidad], [codProvincia]) VALUES (116, N'GENERAL LAMADRID', 1)
INSERT [dbo].[localidad] ([codLocalidad], [nombreLocalidad], [codProvincia]) VALUES (117, N'GENERAL LAS HERAS', 1)
INSERT [dbo].[localidad] ([codLocalidad], [nombreLocalidad], [codProvincia]) VALUES (118, N'GENERAL LAVALLE', 1)
INSERT [dbo].[localidad] ([codLocalidad], [nombreLocalidad], [codProvincia]) VALUES (119, N'GENERAL MADARIAGA', 1)
INSERT [dbo].[localidad] ([codLocalidad], [nombreLocalidad], [codProvincia]) VALUES (120, N'GENERAL PACHECO', 1)
INSERT [dbo].[localidad] ([codLocalidad], [nombreLocalidad], [codProvincia]) VALUES (121, N'GENERAL PAZ', 1)
INSERT [dbo].[localidad] ([codLocalidad], [nombreLocalidad], [codProvincia]) VALUES (122, N'GENERAL PINTO', 1)
INSERT [dbo].[localidad] ([codLocalidad], [nombreLocalidad], [codProvincia]) VALUES (123, N'GENERAL PUEYRREDÓN', 1)
INSERT [dbo].[localidad] ([codLocalidad], [nombreLocalidad], [codProvincia]) VALUES (124, N'GENERAL RODRÍGUEZ', 1)
INSERT [dbo].[localidad] ([codLocalidad], [nombreLocalidad], [codProvincia]) VALUES (125, N'GENERAL VIAMONTE', 1)
INSERT [dbo].[localidad] ([codLocalidad], [nombreLocalidad], [codProvincia]) VALUES (126, N'GENERAL VILLEGAS', 1)
INSERT [dbo].[localidad] ([codLocalidad], [nombreLocalidad], [codProvincia]) VALUES (127, N'GRAND BOURG', 1)
INSERT [dbo].[localidad] ([codLocalidad], [nombreLocalidad], [codProvincia]) VALUES (128, N'GREGORIO DE LAFERRERE', 1)
INSERT [dbo].[localidad] ([codLocalidad], [nombreLocalidad], [codProvincia]) VALUES (129, N'GUAMINÍ', 1)
INSERT [dbo].[localidad] ([codLocalidad], [nombreLocalidad], [codProvincia]) VALUES (130, N'GUERNICA', 1)
INSERT [dbo].[localidad] ([codLocalidad], [nombreLocalidad], [codProvincia]) VALUES (131, N'GUILLERMO ENRIQUE HUDSON', 1)
INSERT [dbo].[localidad] ([codLocalidad], [nombreLocalidad], [codProvincia]) VALUES (132, N'HAEDO', 1)
INSERT [dbo].[localidad] ([codLocalidad], [nombreLocalidad], [codProvincia]) VALUES (133, N'HIPÓLITO YRIGOYEN', 1)
INSERT [dbo].[localidad] ([codLocalidad], [nombreLocalidad], [codProvincia]) VALUES (134, N'HURLINGHAM', 1)
INSERT [dbo].[localidad] ([codLocalidad], [nombreLocalidad], [codProvincia]) VALUES (135, N'INGENIERO MASCHWITZ', 1)
INSERT [dbo].[localidad] ([codLocalidad], [nombreLocalidad], [codProvincia]) VALUES (136, N'INGENIERO SOURDEAUX', 1)
INSERT [dbo].[localidad] ([codLocalidad], [nombreLocalidad], [codProvincia]) VALUES (137, N'ISIDRO CASANOVA', 1)
INSERT [dbo].[localidad] ([codLocalidad], [nombreLocalidad], [codProvincia]) VALUES (138, N'ITUZAINGÓ', 1)
INSERT [dbo].[localidad] ([codLocalidad], [nombreLocalidad], [codProvincia]) VALUES (139, N'JOSÉ CLEMENTE PAZ', 1)
INSERT [dbo].[localidad] ([codLocalidad], [nombreLocalidad], [codProvincia]) VALUES (140, N'JOSÉ INGENIEROS', 1)
INSERT [dbo].[localidad] ([codLocalidad], [nombreLocalidad], [codProvincia]) VALUES (141, N'JOSÉ MARMOL', 1)
INSERT [dbo].[localidad] ([codLocalidad], [nombreLocalidad], [codProvincia]) VALUES (142, N'JUNÍN', 1)
INSERT [dbo].[localidad] ([codLocalidad], [nombreLocalidad], [codProvincia]) VALUES (143, N'LA LUCILA', 1)
INSERT [dbo].[localidad] ([codLocalidad], [nombreLocalidad], [codProvincia]) VALUES (144, N'LA PATERNAL', 1)
INSERT [dbo].[localidad] ([codLocalidad], [nombreLocalidad], [codProvincia]) VALUES (145, N'LA PLATA', 1)
INSERT [dbo].[localidad] ([codLocalidad], [nombreLocalidad], [codProvincia]) VALUES (146, N'LA REJA', 1)
INSERT [dbo].[localidad] ([codLocalidad], [nombreLocalidad], [codProvincia]) VALUES (147, N'LA TABLADA', 1)
INSERT [dbo].[localidad] ([codLocalidad], [nombreLocalidad], [codProvincia]) VALUES (148, N'LANÚS', 1)
INSERT [dbo].[localidad] ([codLocalidad], [nombreLocalidad], [codProvincia]) VALUES (149, N'LAPRIDA', 1)
INSERT [dbo].[localidad] ([codLocalidad], [nombreLocalidad], [codProvincia]) VALUES (150, N'LAS FLORES', 1)
INSERT [dbo].[localidad] ([codLocalidad], [nombreLocalidad], [codProvincia]) VALUES (151, N'LAS TONINAS', 1)
INSERT [dbo].[localidad] ([codLocalidad], [nombreLocalidad], [codProvincia]) VALUES (152, N'LEANDRO NICÉFORO ALEM', 1)
INSERT [dbo].[localidad] ([codLocalidad], [nombreLocalidad], [codProvincia]) VALUES (153, N'LINCOLN', 1)
INSERT [dbo].[localidad] ([codLocalidad], [nombreLocalidad], [codProvincia]) VALUES (154, N'LINIERS', 1)
INSERT [dbo].[localidad] ([codLocalidad], [nombreLocalidad], [codProvincia]) VALUES (155, N'LLAVALLOL', 1)
INSERT [dbo].[localidad] ([codLocalidad], [nombreLocalidad], [codProvincia]) VALUES (156, N'LOBERIA', 1)
INSERT [dbo].[localidad] ([codLocalidad], [nombreLocalidad], [codProvincia]) VALUES (157, N'LOBOS', 1)
INSERT [dbo].[localidad] ([codLocalidad], [nombreLocalidad], [codProvincia]) VALUES (158, N'LOMA HERMOSA', 1)
INSERT [dbo].[localidad] ([codLocalidad], [nombreLocalidad], [codProvincia]) VALUES (159, N'LOMAS DE ZAMORA', 1)
INSERT [dbo].[localidad] ([codLocalidad], [nombreLocalidad], [codProvincia]) VALUES (160, N'LOMAS DEL MILLÓN', 1)
INSERT [dbo].[localidad] ([codLocalidad], [nombreLocalidad], [codProvincia]) VALUES (161, N'LOMAS DEL MIRADOR', 1)
INSERT [dbo].[localidad] ([codLocalidad], [nombreLocalidad], [codProvincia]) VALUES (162, N'LONGCHAMPS', 1)
INSERT [dbo].[localidad] ([codLocalidad], [nombreLocalidad], [codProvincia]) VALUES (163, N'LOS CARDALES', 1)
INSERT [dbo].[localidad] ([codLocalidad], [nombreLocalidad], [codProvincia]) VALUES (164, N'LOS POLVORINES', 1)
INSERT [dbo].[localidad] ([codLocalidad], [nombreLocalidad], [codProvincia]) VALUES (165, N'LOS TOLDOS', 1)
INSERT [dbo].[localidad] ([codLocalidad], [nombreLocalidad], [codProvincia]) VALUES (166, N'LUCILA DEL MAR', 1)
INSERT [dbo].[localidad] ([codLocalidad], [nombreLocalidad], [codProvincia]) VALUES (167, N'LUIS GUILLÓN', 1)
INSERT [dbo].[localidad] ([codLocalidad], [nombreLocalidad], [codProvincia]) VALUES (168, N'LUJÁN', 1)
INSERT [dbo].[localidad] ([codLocalidad], [nombreLocalidad], [codProvincia]) VALUES (169, N'MAGDALENA', 1)
INSERT [dbo].[localidad] ([codLocalidad], [nombreLocalidad], [codProvincia]) VALUES (170, N'MAIPÚ', 1)
INSERT [dbo].[localidad] ([codLocalidad], [nombreLocalidad], [codProvincia]) VALUES (171, N'MALVINAS ARGENTINAS', 1)
INSERT [dbo].[localidad] ([codLocalidad], [nombreLocalidad], [codProvincia]) VALUES (172, N'MAR CHIQUITA', 1)
INSERT [dbo].[localidad] ([codLocalidad], [nombreLocalidad], [codProvincia]) VALUES (173, N'MAR DE AJÓ', 1)
INSERT [dbo].[localidad] ([codLocalidad], [nombreLocalidad], [codProvincia]) VALUES (174, N'MAR DE LAS PAMPAS', 1)
INSERT [dbo].[localidad] ([codLocalidad], [nombreLocalidad], [codProvincia]) VALUES (175, N'MAR DEL PLATA', 1)
INSERT [dbo].[localidad] ([codLocalidad], [nombreLocalidad], [codProvincia]) VALUES (176, N'MAR DEL TUYÚ', 1)
INSERT [dbo].[localidad] ([codLocalidad], [nombreLocalidad], [codProvincia]) VALUES (177, N'MARCOS PAZ', 1)
INSERT [dbo].[localidad] ([codLocalidad], [nombreLocalidad], [codProvincia]) VALUES (178, N'MARTÍN CORONADO', 1)
INSERT [dbo].[localidad] ([codLocalidad], [nombreLocalidad], [codProvincia]) VALUES (179, N'MARTÍNEZ', 1)
INSERT [dbo].[localidad] ([codLocalidad], [nombreLocalidad], [codProvincia]) VALUES (180, N'MATADEROS', 1)
INSERT [dbo].[localidad] ([codLocalidad], [nombreLocalidad], [codProvincia]) VALUES (181, N'MERCEDES', 1)
INSERT [dbo].[localidad] ([codLocalidad], [nombreLocalidad], [codProvincia]) VALUES (182, N'MERLO', 1)
INSERT [dbo].[localidad] ([codLocalidad], [nombreLocalidad], [codProvincia]) VALUES (183, N'MINISTRO RIVADAVIA', 1)
INSERT [dbo].[localidad] ([codLocalidad], [nombreLocalidad], [codProvincia]) VALUES (184, N'MIRAMAR', 1)
INSERT [dbo].[localidad] ([codLocalidad], [nombreLocalidad], [codProvincia]) VALUES (185, N'MONSERRAT', 1)
INSERT [dbo].[localidad] ([codLocalidad], [nombreLocalidad], [codProvincia]) VALUES (186, N'MONTE', 1)
INSERT [dbo].[localidad] ([codLocalidad], [nombreLocalidad], [codProvincia]) VALUES (187, N'MONTE CASTRO', 1)
INSERT [dbo].[localidad] ([codLocalidad], [nombreLocalidad], [codProvincia]) VALUES (188, N'MONTE CHINGOLO', 1)
INSERT [dbo].[localidad] ([codLocalidad], [nombreLocalidad], [codProvincia]) VALUES (189, N'MONTE GRANDE', 1)
INSERT [dbo].[localidad] ([codLocalidad], [nombreLocalidad], [codProvincia]) VALUES (190, N'MONTE HERMOSO', 1)
INSERT [dbo].[localidad] ([codLocalidad], [nombreLocalidad], [codProvincia]) VALUES (191, N'MORENO', 1)
INSERT [dbo].[localidad] ([codLocalidad], [nombreLocalidad], [codProvincia]) VALUES (192, N'MORÓN', 1)
INSERT [dbo].[localidad] ([codLocalidad], [nombreLocalidad], [codProvincia]) VALUES (193, N'MUNRO', 1)
INSERT [dbo].[localidad] ([codLocalidad], [nombreLocalidad], [codProvincia]) VALUES (194, N'MUÑIZ', 1)
INSERT [dbo].[localidad] ([codLocalidad], [nombreLocalidad], [codProvincia]) VALUES (195, N'NAVARRO', 1)
INSERT [dbo].[localidad] ([codLocalidad], [nombreLocalidad], [codProvincia]) VALUES (196, N'NECOCHEA', 1)
INSERT [dbo].[localidad] ([codLocalidad], [nombreLocalidad], [codProvincia]) VALUES (197, N'NUEVA POMPEYA', 1)
INSERT [dbo].[localidad] ([codLocalidad], [nombreLocalidad], [codProvincia]) VALUES (198, N'NÚÑEZ', 1)
INSERT [dbo].[localidad] ([codLocalidad], [nombreLocalidad], [codProvincia]) VALUES (199, N'OLAVARRÍA', 1)
GO
INSERT [dbo].[localidad] ([codLocalidad], [nombreLocalidad], [codProvincia]) VALUES (200, N'OLIVOS', 1)
INSERT [dbo].[localidad] ([codLocalidad], [nombreLocalidad], [codProvincia]) VALUES (201, N'PABLO NOGUÉS', 1)
INSERT [dbo].[localidad] ([codLocalidad], [nombreLocalidad], [codProvincia]) VALUES (202, N'PABLO PODESTÁ', 1)
INSERT [dbo].[localidad] ([codLocalidad], [nombreLocalidad], [codProvincia]) VALUES (203, N'PALERMO', 1)
INSERT [dbo].[localidad] ([codLocalidad], [nombreLocalidad], [codProvincia]) VALUES (204, N'PARQUE AVELLANEDA', 1)
INSERT [dbo].[localidad] ([codLocalidad], [nombreLocalidad], [codProvincia]) VALUES (205, N'PARQUE CHACABUCO', 1)
INSERT [dbo].[localidad] ([codLocalidad], [nombreLocalidad], [codProvincia]) VALUES (206, N'PARQUE CHAS', 1)
INSERT [dbo].[localidad] ([codLocalidad], [nombreLocalidad], [codProvincia]) VALUES (207, N'PARQUE PATRICIOS', 1)
INSERT [dbo].[localidad] ([codLocalidad], [nombreLocalidad], [codProvincia]) VALUES (208, N'PARTIDO DE LA COSTA', 1)
INSERT [dbo].[localidad] ([codLocalidad], [nombreLocalidad], [codProvincia]) VALUES (209, N'PASO DEL REY', 1)
INSERT [dbo].[localidad] ([codLocalidad], [nombreLocalidad], [codProvincia]) VALUES (210, N'PEHUAJÓ', 1)
INSERT [dbo].[localidad] ([codLocalidad], [nombreLocalidad], [codProvincia]) VALUES (211, N'PELLEGRINI', 1)
INSERT [dbo].[localidad] ([codLocalidad], [nombreLocalidad], [codProvincia]) VALUES (212, N'PEREYRA', 1)
INSERT [dbo].[localidad] ([codLocalidad], [nombreLocalidad], [codProvincia]) VALUES (213, N'PERGAMINO', 1)
INSERT [dbo].[localidad] ([codLocalidad], [nombreLocalidad], [codProvincia]) VALUES (214, N'PIGÜÉ', 1)
INSERT [dbo].[localidad] ([codLocalidad], [nombreLocalidad], [codProvincia]) VALUES (215, N'PILA', 1)
INSERT [dbo].[localidad] ([codLocalidad], [nombreLocalidad], [codProvincia]) VALUES (216, N'PILAR', 1)
INSERT [dbo].[localidad] ([codLocalidad], [nombreLocalidad], [codProvincia]) VALUES (217, N'PINAMAR', 1)
INSERT [dbo].[localidad] ([codLocalidad], [nombreLocalidad], [codProvincia]) VALUES (218, N'PINAR DEL SOL', 1)
INSERT [dbo].[localidad] ([codLocalidad], [nombreLocalidad], [codProvincia]) VALUES (219, N'PIÑEIRO', 1)
INSERT [dbo].[localidad] ([codLocalidad], [nombreLocalidad], [codProvincia]) VALUES (220, N'PLÁTANOS', 1)
INSERT [dbo].[localidad] ([codLocalidad], [nombreLocalidad], [codProvincia]) VALUES (221, N'POLVORINES', 1)
INSERT [dbo].[localidad] ([codLocalidad], [nombreLocalidad], [codProvincia]) VALUES (222, N'PONTEVEDRA', 1)
INSERT [dbo].[localidad] ([codLocalidad], [nombreLocalidad], [codProvincia]) VALUES (223, N'PRESIDENTE PERÓN', 1)
INSERT [dbo].[localidad] ([codLocalidad], [nombreLocalidad], [codProvincia]) VALUES (224, N'PUÁN', 1)
INSERT [dbo].[localidad] ([codLocalidad], [nombreLocalidad], [codProvincia]) VALUES (225, N'PUERTO MADERO', 1)
INSERT [dbo].[localidad] ([codLocalidad], [nombreLocalidad], [codProvincia]) VALUES (226, N'PUNTA INDIO', 1)
INSERT [dbo].[localidad] ([codLocalidad], [nombreLocalidad], [codProvincia]) VALUES (227, N'QUILMES', 1)
INSERT [dbo].[localidad] ([codLocalidad], [nombreLocalidad], [codProvincia]) VALUES (228, N'RAFAEL CALZADA', 1)
INSERT [dbo].[localidad] ([codLocalidad], [nombreLocalidad], [codProvincia]) VALUES (229, N'RAFAEL CASTILLO', 1)
INSERT [dbo].[localidad] ([codLocalidad], [nombreLocalidad], [codProvincia]) VALUES (230, N'RAMALLO', 1)
INSERT [dbo].[localidad] ([codLocalidad], [nombreLocalidad], [codProvincia]) VALUES (231, N'RAMOS MEJÍA', 1)
INSERT [dbo].[localidad] ([codLocalidad], [nombreLocalidad], [codProvincia]) VALUES (232, N'RANELAGH', 1)
INSERT [dbo].[localidad] ([codLocalidad], [nombreLocalidad], [codProvincia]) VALUES (233, N'RAUCH', 1)
INSERT [dbo].[localidad] ([codLocalidad], [nombreLocalidad], [codProvincia]) VALUES (234, N'RECOLETA', 1)
INSERT [dbo].[localidad] ([codLocalidad], [nombreLocalidad], [codProvincia]) VALUES (235, N'REMEDIOS DE ESCALADA', 1)
INSERT [dbo].[localidad] ([codLocalidad], [nombreLocalidad], [codProvincia]) VALUES (236, N'RETIRO', 1)
INSERT [dbo].[localidad] ([codLocalidad], [nombreLocalidad], [codProvincia]) VALUES (237, N'RIVADAVIA', 1)
INSERT [dbo].[localidad] ([codLocalidad], [nombreLocalidad], [codProvincia]) VALUES (238, N'ROJAS', 1)
INSERT [dbo].[localidad] ([codLocalidad], [nombreLocalidad], [codProvincia]) VALUES (239, N'ROQUE PÉREZ', 1)
INSERT [dbo].[localidad] ([codLocalidad], [nombreLocalidad], [codProvincia]) VALUES (240, N'SAAVEDRA', 1)
INSERT [dbo].[localidad] ([codLocalidad], [nombreLocalidad], [codProvincia]) VALUES (241, N'SAAVEDRA', 1)
INSERT [dbo].[localidad] ([codLocalidad], [nombreLocalidad], [codProvincia]) VALUES (242, N'SÁENZ PEÑA', 1)
INSERT [dbo].[localidad] ([codLocalidad], [nombreLocalidad], [codProvincia]) VALUES (243, N'SALADILLO', 1)
INSERT [dbo].[localidad] ([codLocalidad], [nombreLocalidad], [codProvincia]) VALUES (244, N'SALLIQUELÓ', 1)
INSERT [dbo].[localidad] ([codLocalidad], [nombreLocalidad], [codProvincia]) VALUES (245, N'SALTO', 1)
INSERT [dbo].[localidad] ([codLocalidad], [nombreLocalidad], [codProvincia]) VALUES (246, N'SAN ANDRÉS DE GILES', 1)
INSERT [dbo].[localidad] ([codLocalidad], [nombreLocalidad], [codProvincia]) VALUES (247, N'SAN ANTONIO DE ARECO', 1)
INSERT [dbo].[localidad] ([codLocalidad], [nombreLocalidad], [codProvincia]) VALUES (248, N'SAN ANTONIO DE PADUA', 1)
INSERT [dbo].[localidad] ([codLocalidad], [nombreLocalidad], [codProvincia]) VALUES (249, N'SAN ANTONIO DE PADUA', 1)
INSERT [dbo].[localidad] ([codLocalidad], [nombreLocalidad], [codProvincia]) VALUES (250, N'SAN BERNARDO', 1)
INSERT [dbo].[localidad] ([codLocalidad], [nombreLocalidad], [codProvincia]) VALUES (251, N'SAN CAYETANO', 1)
INSERT [dbo].[localidad] ([codLocalidad], [nombreLocalidad], [codProvincia]) VALUES (252, N'SAN CLEMENTE DEL TUYÚ', 1)
INSERT [dbo].[localidad] ([codLocalidad], [nombreLocalidad], [codProvincia]) VALUES (253, N'SAN CRISTÓBAL', 1)
INSERT [dbo].[localidad] ([codLocalidad], [nombreLocalidad], [codProvincia]) VALUES (254, N'SAN FERNANDO', 1)
INSERT [dbo].[localidad] ([codLocalidad], [nombreLocalidad], [codProvincia]) VALUES (255, N'SAN FRANCISCO SOLANO', 1)
INSERT [dbo].[localidad] ([codLocalidad], [nombreLocalidad], [codProvincia]) VALUES (256, N'SAN ISIDRO', 1)
INSERT [dbo].[localidad] ([codLocalidad], [nombreLocalidad], [codProvincia]) VALUES (257, N'SAN JOSÉ', 1)
INSERT [dbo].[localidad] ([codLocalidad], [nombreLocalidad], [codProvincia]) VALUES (258, N'SAN JUSTO', 1)
INSERT [dbo].[localidad] ([codLocalidad], [nombreLocalidad], [codProvincia]) VALUES (259, N'SAN MARTÍN', 1)
INSERT [dbo].[localidad] ([codLocalidad], [nombreLocalidad], [codProvincia]) VALUES (260, N'SAN MIGUEL', 1)
INSERT [dbo].[localidad] ([codLocalidad], [nombreLocalidad], [codProvincia]) VALUES (261, N'SAN NICOLÁS', 1)
INSERT [dbo].[localidad] ([codLocalidad], [nombreLocalidad], [codProvincia]) VALUES (262, N'SAN NICOLÁS', 1)
INSERT [dbo].[localidad] ([codLocalidad], [nombreLocalidad], [codProvincia]) VALUES (263, N'SAN PEDRO', 1)
INSERT [dbo].[localidad] ([codLocalidad], [nombreLocalidad], [codProvincia]) VALUES (264, N'SAN TELMO', 1)
INSERT [dbo].[localidad] ([codLocalidad], [nombreLocalidad], [codProvincia]) VALUES (265, N'SAN VICENTE', 1)
INSERT [dbo].[localidad] ([codLocalidad], [nombreLocalidad], [codProvincia]) VALUES (266, N'SANTA TERESITA', 1)
INSERT [dbo].[localidad] ([codLocalidad], [nombreLocalidad], [codProvincia]) VALUES (267, N'SANTOS LUGARES', 1)
INSERT [dbo].[localidad] ([codLocalidad], [nombreLocalidad], [codProvincia]) VALUES (268, N'SARANDÍ', 1)
INSERT [dbo].[localidad] ([codLocalidad], [nombreLocalidad], [codProvincia]) VALUES (269, N'SOURIGUES', 1)
INSERT [dbo].[localidad] ([codLocalidad], [nombreLocalidad], [codProvincia]) VALUES (270, N'SUIPACHA', 1)
INSERT [dbo].[localidad] ([codLocalidad], [nombreLocalidad], [codProvincia]) VALUES (271, N'TANDIL', 1)
INSERT [dbo].[localidad] ([codLocalidad], [nombreLocalidad], [codProvincia]) VALUES (272, N'TAPALQUÉ', 1)
INSERT [dbo].[localidad] ([codLocalidad], [nombreLocalidad], [codProvincia]) VALUES (273, N'TAPIALES', 1)
INSERT [dbo].[localidad] ([codLocalidad], [nombreLocalidad], [codProvincia]) VALUES (274, N'TEMPERLEY', 1)
INSERT [dbo].[localidad] ([codLocalidad], [nombreLocalidad], [codProvincia]) VALUES (275, N'TIGRE', 1)
INSERT [dbo].[localidad] ([codLocalidad], [nombreLocalidad], [codProvincia]) VALUES (276, N'TORDILLO', 1)
INSERT [dbo].[localidad] ([codLocalidad], [nombreLocalidad], [codProvincia]) VALUES (277, N'TORNQUIST', 1)
INSERT [dbo].[localidad] ([codLocalidad], [nombreLocalidad], [codProvincia]) VALUES (278, N'TORTUGUITAS', 1)
INSERT [dbo].[localidad] ([codLocalidad], [nombreLocalidad], [codProvincia]) VALUES (279, N'TRENQUE LAUQUEN', 1)
INSERT [dbo].[localidad] ([codLocalidad], [nombreLocalidad], [codProvincia]) VALUES (280, N'TRES LOMAS', 1)
INSERT [dbo].[localidad] ([codLocalidad], [nombreLocalidad], [codProvincia]) VALUES (281, N'TRISTÁN SUÁREZ', 1)
INSERT [dbo].[localidad] ([codLocalidad], [nombreLocalidad], [codProvincia]) VALUES (282, N'TRUJUI', 1)
INSERT [dbo].[localidad] ([codLocalidad], [nombreLocalidad], [codProvincia]) VALUES (283, N'TURDERA', 1)
INSERT [dbo].[localidad] ([codLocalidad], [nombreLocalidad], [codProvincia]) VALUES (284, N'VALENTÍN ALSINA', 1)
INSERT [dbo].[localidad] ([codLocalidad], [nombreLocalidad], [codProvincia]) VALUES (285, N'VÉLEZ SÁRSFIELD', 1)
INSERT [dbo].[localidad] ([codLocalidad], [nombreLocalidad], [codProvincia]) VALUES (286, N'VERSALLES', 1)
INSERT [dbo].[localidad] ([codLocalidad], [nombreLocalidad], [codProvincia]) VALUES (287, N'VICENTE LÓPEZ', 1)
INSERT [dbo].[localidad] ([codLocalidad], [nombreLocalidad], [codProvincia]) VALUES (288, N'VILLA ADELINA', 1)
INSERT [dbo].[localidad] ([codLocalidad], [nombreLocalidad], [codProvincia]) VALUES (289, N'VILLA BALLESTER', 1)
INSERT [dbo].[localidad] ([codLocalidad], [nombreLocalidad], [codProvincia]) VALUES (290, N'VILLA BOSCH', 1)
INSERT [dbo].[localidad] ([codLocalidad], [nombreLocalidad], [codProvincia]) VALUES (291, N'VILLA CARAZA', 1)
INSERT [dbo].[localidad] ([codLocalidad], [nombreLocalidad], [codProvincia]) VALUES (292, N'VILLA CELINA', 1)
INSERT [dbo].[localidad] ([codLocalidad], [nombreLocalidad], [codProvincia]) VALUES (293, N'VILLA CENTENARIO', 1)
INSERT [dbo].[localidad] ([codLocalidad], [nombreLocalidad], [codProvincia]) VALUES (294, N'VILLA CRESPO', 1)
INSERT [dbo].[localidad] ([codLocalidad], [nombreLocalidad], [codProvincia]) VALUES (295, N'VILLA DE MAYO', 1)
INSERT [dbo].[localidad] ([codLocalidad], [nombreLocalidad], [codProvincia]) VALUES (296, N'VILLA DEL PARQUE', 1)
INSERT [dbo].[localidad] ([codLocalidad], [nombreLocalidad], [codProvincia]) VALUES (297, N'VILLA DEVOTO', 1)
INSERT [dbo].[localidad] ([codLocalidad], [nombreLocalidad], [codProvincia]) VALUES (298, N'VILLA DIAMANTE', 1)
INSERT [dbo].[localidad] ([codLocalidad], [nombreLocalidad], [codProvincia]) VALUES (299, N'VILLA DOMÍNICO', 1)
GO
INSERT [dbo].[localidad] ([codLocalidad], [nombreLocalidad], [codProvincia]) VALUES (300, N'VILLA ESPAÑA', 1)
INSERT [dbo].[localidad] ([codLocalidad], [nombreLocalidad], [codProvincia]) VALUES (301, N'VILLA FIORITO', 1)
INSERT [dbo].[localidad] ([codLocalidad], [nombreLocalidad], [codProvincia]) VALUES (302, N'VILLA GESELL', 1)
INSERT [dbo].[localidad] ([codLocalidad], [nombreLocalidad], [codProvincia]) VALUES (303, N'VILLA GENERAL MITRE', 1)
INSERT [dbo].[localidad] ([codLocalidad], [nombreLocalidad], [codProvincia]) VALUES (304, N'VILLA GUILLERMINA', 1)
INSERT [dbo].[localidad] ([codLocalidad], [nombreLocalidad], [codProvincia]) VALUES (305, N'VILLA INSUPERABLE', 1)
INSERT [dbo].[localidad] ([codLocalidad], [nombreLocalidad], [codProvincia]) VALUES (306, N'VILLA JOSÉ LEÓN SUÁREZ', 1)
INSERT [dbo].[localidad] ([codLocalidad], [nombreLocalidad], [codProvincia]) VALUES (307, N'VILLA LA FLORIDA', 1)
INSERT [dbo].[localidad] ([codLocalidad], [nombreLocalidad], [codProvincia]) VALUES (308, N'VILLA LUGANO', 1)
INSERT [dbo].[localidad] ([codLocalidad], [nombreLocalidad], [codProvincia]) VALUES (309, N'VILLA LURO', 1)
INSERT [dbo].[localidad] ([codLocalidad], [nombreLocalidad], [codProvincia]) VALUES (310, N'VILLA LUZURIAGA', 1)
INSERT [dbo].[localidad] ([codLocalidad], [nombreLocalidad], [codProvincia]) VALUES (311, N'VILLA MARTELLI', 1)
INSERT [dbo].[localidad] ([codLocalidad], [nombreLocalidad], [codProvincia]) VALUES (312, N'VILLA OBRERA', 1)
INSERT [dbo].[localidad] ([codLocalidad], [nombreLocalidad], [codProvincia]) VALUES (313, N'VILLA ORTÚZAR', 1)
INSERT [dbo].[localidad] ([codLocalidad], [nombreLocalidad], [codProvincia]) VALUES (314, N'VILLA PROGRESO', 1)
INSERT [dbo].[localidad] ([codLocalidad], [nombreLocalidad], [codProvincia]) VALUES (315, N'VILLA PUEYRREDÓN', 1)
INSERT [dbo].[localidad] ([codLocalidad], [nombreLocalidad], [codProvincia]) VALUES (316, N'VILLA RAFFO', 1)
INSERT [dbo].[localidad] ([codLocalidad], [nombreLocalidad], [codProvincia]) VALUES (317, N'VILLA REAL', 1)
INSERT [dbo].[localidad] ([codLocalidad], [nombreLocalidad], [codProvincia]) VALUES (318, N'VILLA RIACHUELO', 1)
INSERT [dbo].[localidad] ([codLocalidad], [nombreLocalidad], [codProvincia]) VALUES (319, N'VILLA SANTA RITA', 1)
INSERT [dbo].[localidad] ([codLocalidad], [nombreLocalidad], [codProvincia]) VALUES (320, N'VILLA SARMIENTO', 1)
INSERT [dbo].[localidad] ([codLocalidad], [nombreLocalidad], [codProvincia]) VALUES (321, N'VILLA SOLDATI', 1)
INSERT [dbo].[localidad] ([codLocalidad], [nombreLocalidad], [codProvincia]) VALUES (322, N'VILLA TESEI', 1)
INSERT [dbo].[localidad] ([codLocalidad], [nombreLocalidad], [codProvincia]) VALUES (323, N'VILLA UDAONDO', 1)
INSERT [dbo].[localidad] ([codLocalidad], [nombreLocalidad], [codProvincia]) VALUES (324, N'VILLA URQUIZA', 1)
INSERT [dbo].[localidad] ([codLocalidad], [nombreLocalidad], [codProvincia]) VALUES (325, N'VILLARINO', 1)
INSERT [dbo].[localidad] ([codLocalidad], [nombreLocalidad], [codProvincia]) VALUES (326, N'VIRREY DEL PINO', 1)
INSERT [dbo].[localidad] ([codLocalidad], [nombreLocalidad], [codProvincia]) VALUES (327, N'WILDE', 1)
INSERT [dbo].[localidad] ([codLocalidad], [nombreLocalidad], [codProvincia]) VALUES (328, N'WILLIAM MORRIS', 1)
INSERT [dbo].[localidad] ([codLocalidad], [nombreLocalidad], [codProvincia]) VALUES (329, N'ZÁRATE', 1)
INSERT [dbo].[localidad] ([codLocalidad], [nombreLocalidad], [codProvincia]) VALUES (330, N'ACONQUIJA', 2)
INSERT [dbo].[localidad] ([codLocalidad], [nombreLocalidad], [codProvincia]) VALUES (331, N'ANCASTI', 2)
INSERT [dbo].[localidad] ([codLocalidad], [nombreLocalidad], [codProvincia]) VALUES (332, N'ANDALGALÁ', 2)
INSERT [dbo].[localidad] ([codLocalidad], [nombreLocalidad], [codProvincia]) VALUES (333, N'ANTOFAGASTA', 2)
INSERT [dbo].[localidad] ([codLocalidad], [nombreLocalidad], [codProvincia]) VALUES (334, N'BELÉN', 2)
INSERT [dbo].[localidad] ([codLocalidad], [nombreLocalidad], [codProvincia]) VALUES (335, N'CAPAYÁN', 2)
INSERT [dbo].[localidad] ([codLocalidad], [nombreLocalidad], [codProvincia]) VALUES (336, N'CAPITAL (CATAMARCA)', 2)
INSERT [dbo].[localidad] ([codLocalidad], [nombreLocalidad], [codProvincia]) VALUES (337, N'CORRAL QUEMADO', 2)
INSERT [dbo].[localidad] ([codLocalidad], [nombreLocalidad], [codProvincia]) VALUES (338, N'EL ALTO', 2)
INSERT [dbo].[localidad] ([codLocalidad], [nombreLocalidad], [codProvincia]) VALUES (339, N'EL RODEO', 2)
INSERT [dbo].[localidad] ([codLocalidad], [nombreLocalidad], [codProvincia]) VALUES (340, N'F.MAMERTO ESQUIÚ', 2)
INSERT [dbo].[localidad] ([codLocalidad], [nombreLocalidad], [codProvincia]) VALUES (341, N'FIAMBALÁ', 2)
INSERT [dbo].[localidad] ([codLocalidad], [nombreLocalidad], [codProvincia]) VALUES (342, N'HUALFÍN', 2)
INSERT [dbo].[localidad] ([codLocalidad], [nombreLocalidad], [codProvincia]) VALUES (343, N'HUILLAPIMA', 2)
INSERT [dbo].[localidad] ([codLocalidad], [nombreLocalidad], [codProvincia]) VALUES (344, N'ICAÑO', 2)
INSERT [dbo].[localidad] ([codLocalidad], [nombreLocalidad], [codProvincia]) VALUES (345, N'LA PUERTA', 2)
INSERT [dbo].[localidad] ([codLocalidad], [nombreLocalidad], [codProvincia]) VALUES (346, N'LAS JUNTAS', 2)
INSERT [dbo].[localidad] ([codLocalidad], [nombreLocalidad], [codProvincia]) VALUES (347, N'LONDRES', 2)
INSERT [dbo].[localidad] ([codLocalidad], [nombreLocalidad], [codProvincia]) VALUES (348, N'LOS ALTOS', 2)
INSERT [dbo].[localidad] ([codLocalidad], [nombreLocalidad], [codProvincia]) VALUES (349, N'LOS VARELA', 2)
INSERT [dbo].[localidad] ([codLocalidad], [nombreLocalidad], [codProvincia]) VALUES (350, N'MUTQUÍN', 2)
INSERT [dbo].[localidad] ([codLocalidad], [nombreLocalidad], [codProvincia]) VALUES (351, N'PACLÍN', 2)
INSERT [dbo].[localidad] ([codLocalidad], [nombreLocalidad], [codProvincia]) VALUES (352, N'POMAN', 2)
INSERT [dbo].[localidad] ([codLocalidad], [nombreLocalidad], [codProvincia]) VALUES (353, N'POZO DE LA PIEDRA', 2)
INSERT [dbo].[localidad] ([codLocalidad], [nombreLocalidad], [codProvincia]) VALUES (354, N'PUERTA DE CORRAL', 2)
INSERT [dbo].[localidad] ([codLocalidad], [nombreLocalidad], [codProvincia]) VALUES (355, N'PUERTA SAN JOSÉ', 2)
INSERT [dbo].[localidad] ([codLocalidad], [nombreLocalidad], [codProvincia]) VALUES (356, N'RECREO', 2)
INSERT [dbo].[localidad] ([codLocalidad], [nombreLocalidad], [codProvincia]) VALUES (357, N'S.F.V DE 4', 2)
INSERT [dbo].[localidad] ([codLocalidad], [nombreLocalidad], [codProvincia]) VALUES (358, N'SAN FERNANDO', 2)
INSERT [dbo].[localidad] ([codLocalidad], [nombreLocalidad], [codProvincia]) VALUES (359, N'SAN FERNANDO DEL VALLE', 2)
INSERT [dbo].[localidad] ([codLocalidad], [nombreLocalidad], [codProvincia]) VALUES (360, N'SAN JOSÉ', 2)
INSERT [dbo].[localidad] ([codLocalidad], [nombreLocalidad], [codProvincia]) VALUES (361, N'SANTA MARÍA', 2)
INSERT [dbo].[localidad] ([codLocalidad], [nombreLocalidad], [codProvincia]) VALUES (362, N'SANTA ROSA', 2)
INSERT [dbo].[localidad] ([codLocalidad], [nombreLocalidad], [codProvincia]) VALUES (363, N'SAUJIL', 2)
INSERT [dbo].[localidad] ([codLocalidad], [nombreLocalidad], [codProvincia]) VALUES (364, N'TAPSO', 2)
INSERT [dbo].[localidad] ([codLocalidad], [nombreLocalidad], [codProvincia]) VALUES (365, N'TINOGASTA', 2)
INSERT [dbo].[localidad] ([codLocalidad], [nombreLocalidad], [codProvincia]) VALUES (366, N'VALLE VIEJO', 2)
INSERT [dbo].[localidad] ([codLocalidad], [nombreLocalidad], [codProvincia]) VALUES (367, N'VILLA VIL', 2)
INSERT [dbo].[localidad] ([codLocalidad], [nombreLocalidad], [codProvincia]) VALUES (368, N'AVIÁ TERAÍ', 3)
INSERT [dbo].[localidad] ([codLocalidad], [nombreLocalidad], [codProvincia]) VALUES (369, N'BARRANQUERAS', 3)
INSERT [dbo].[localidad] ([codLocalidad], [nombreLocalidad], [codProvincia]) VALUES (370, N'BASAIL', 3)
INSERT [dbo].[localidad] ([codLocalidad], [nombreLocalidad], [codProvincia]) VALUES (371, N'CAMPO LARGO', 3)
INSERT [dbo].[localidad] ([codLocalidad], [nombreLocalidad], [codProvincia]) VALUES (372, N'CAPITAL (CHACO)', 3)
INSERT [dbo].[localidad] ([codLocalidad], [nombreLocalidad], [codProvincia]) VALUES (373, N'CAPITÁN SOLARI', 3)
INSERT [dbo].[localidad] ([codLocalidad], [nombreLocalidad], [codProvincia]) VALUES (374, N'CHARADAI', 3)
INSERT [dbo].[localidad] ([codLocalidad], [nombreLocalidad], [codProvincia]) VALUES (375, N'CHARATA', 3)
INSERT [dbo].[localidad] ([codLocalidad], [nombreLocalidad], [codProvincia]) VALUES (376, N'CHOROTIS', 3)
INSERT [dbo].[localidad] ([codLocalidad], [nombreLocalidad], [codProvincia]) VALUES (377, N'CIERVO PETISO', 3)
INSERT [dbo].[localidad] ([codLocalidad], [nombreLocalidad], [codProvincia]) VALUES (378, N'CNEL. DU GRATY', 3)
INSERT [dbo].[localidad] ([codLocalidad], [nombreLocalidad], [codProvincia]) VALUES (379, N'COLONIA BENÍTEZ', 3)
INSERT [dbo].[localidad] ([codLocalidad], [nombreLocalidad], [codProvincia]) VALUES (380, N'COLONIA ELISA', 3)
INSERT [dbo].[localidad] ([codLocalidad], [nombreLocalidad], [codProvincia]) VALUES (381, N'COLONIA POPULAR', 3)
INSERT [dbo].[localidad] ([codLocalidad], [nombreLocalidad], [codProvincia]) VALUES (382, N'COLONIAS UNIDAS', 3)
INSERT [dbo].[localidad] ([codLocalidad], [nombreLocalidad], [codProvincia]) VALUES (383, N'CONCEPCIÓN', 3)
INSERT [dbo].[localidad] ([codLocalidad], [nombreLocalidad], [codProvincia]) VALUES (384, N'CORZUELA', 3)
INSERT [dbo].[localidad] ([codLocalidad], [nombreLocalidad], [codProvincia]) VALUES (385, N'COTE LAI', 3)
INSERT [dbo].[localidad] ([codLocalidad], [nombreLocalidad], [codProvincia]) VALUES (386, N'EL SAUZALITO', 3)
INSERT [dbo].[localidad] ([codLocalidad], [nombreLocalidad], [codProvincia]) VALUES (387, N'ENRIQUE URIEN', 3)
INSERT [dbo].[localidad] ([codLocalidad], [nombreLocalidad], [codProvincia]) VALUES (388, N'FONTANA', 3)
INSERT [dbo].[localidad] ([codLocalidad], [nombreLocalidad], [codProvincia]) VALUES (389, N'FUERTE ESPERANZA', 3)
INSERT [dbo].[localidad] ([codLocalidad], [nombreLocalidad], [codProvincia]) VALUES (390, N'GANCEDO', 3)
INSERT [dbo].[localidad] ([codLocalidad], [nombreLocalidad], [codProvincia]) VALUES (391, N'GENERAL CAPDEVILA', 3)
INSERT [dbo].[localidad] ([codLocalidad], [nombreLocalidad], [codProvincia]) VALUES (392, N'GENERAL PINERO', 3)
INSERT [dbo].[localidad] ([codLocalidad], [nombreLocalidad], [codProvincia]) VALUES (393, N'GENERAL SAN MARTÍN', 3)
INSERT [dbo].[localidad] ([codLocalidad], [nombreLocalidad], [codProvincia]) VALUES (394, N'GENERAL VEDIA', 3)
INSERT [dbo].[localidad] ([codLocalidad], [nombreLocalidad], [codProvincia]) VALUES (395, N'HERMOSO CAMPO', 3)
INSERT [dbo].[localidad] ([codLocalidad], [nombreLocalidad], [codProvincia]) VALUES (396, N'ISLA DEL CERRITO', 3)
INSERT [dbo].[localidad] ([codLocalidad], [nombreLocalidad], [codProvincia]) VALUES (397, N'JUAN JOSE CASTELLI', 3)
INSERT [dbo].[localidad] ([codLocalidad], [nombreLocalidad], [codProvincia]) VALUES (398, N'LA CLOTILDE', 3)
INSERT [dbo].[localidad] ([codLocalidad], [nombreLocalidad], [codProvincia]) VALUES (399, N'LA EDUVIGIS', 3)
GO
INSERT [dbo].[localidad] ([codLocalidad], [nombreLocalidad], [codProvincia]) VALUES (400, N'LA ESCONDIDA', 3)
INSERT [dbo].[localidad] ([codLocalidad], [nombreLocalidad], [codProvincia]) VALUES (401, N'LA LEONESA', 3)
INSERT [dbo].[localidad] ([codLocalidad], [nombreLocalidad], [codProvincia]) VALUES (402, N'LA TIGRA', 3)
INSERT [dbo].[localidad] ([codLocalidad], [nombreLocalidad], [codProvincia]) VALUES (403, N'LA VERDE', 3)
INSERT [dbo].[localidad] ([codLocalidad], [nombreLocalidad], [codProvincia]) VALUES (404, N'LAGUNA BLANCA', 3)
INSERT [dbo].[localidad] ([codLocalidad], [nombreLocalidad], [codProvincia]) VALUES (405, N'LAGUNA LIMPIA', 3)
INSERT [dbo].[localidad] ([codLocalidad], [nombreLocalidad], [codProvincia]) VALUES (406, N'LAPACHITO', 3)
INSERT [dbo].[localidad] ([codLocalidad], [nombreLocalidad], [codProvincia]) VALUES (407, N'LAS BREÑAS', 3)
INSERT [dbo].[localidad] ([codLocalidad], [nombreLocalidad], [codProvincia]) VALUES (408, N'LAS GARCITAS', 3)
INSERT [dbo].[localidad] ([codLocalidad], [nombreLocalidad], [codProvincia]) VALUES (409, N'LAS PALMAS', 3)
INSERT [dbo].[localidad] ([codLocalidad], [nombreLocalidad], [codProvincia]) VALUES (410, N'LOS FRENTONES', 3)
INSERT [dbo].[localidad] ([codLocalidad], [nombreLocalidad], [codProvincia]) VALUES (411, N'MACHAGAI', 3)
INSERT [dbo].[localidad] ([codLocalidad], [nombreLocalidad], [codProvincia]) VALUES (412, N'MAKALLÉ', 3)
INSERT [dbo].[localidad] ([codLocalidad], [nombreLocalidad], [codProvincia]) VALUES (413, N'MARGARITA BELÉN', 3)
INSERT [dbo].[localidad] ([codLocalidad], [nombreLocalidad], [codProvincia]) VALUES (414, N'MIRAFLORES', 3)
INSERT [dbo].[localidad] ([codLocalidad], [nombreLocalidad], [codProvincia]) VALUES (415, N'MISIÓN N. POMPEYA', 3)
INSERT [dbo].[localidad] ([codLocalidad], [nombreLocalidad], [codProvincia]) VALUES (416, N'NAPENAY', 3)
INSERT [dbo].[localidad] ([codLocalidad], [nombreLocalidad], [codProvincia]) VALUES (417, N'PAMPA ALMIRÓN', 3)
INSERT [dbo].[localidad] ([codLocalidad], [nombreLocalidad], [codProvincia]) VALUES (418, N'PAMPA DEL INDIO', 3)
INSERT [dbo].[localidad] ([codLocalidad], [nombreLocalidad], [codProvincia]) VALUES (419, N'PAMPA DEL INFIERNO', 3)
INSERT [dbo].[localidad] ([codLocalidad], [nombreLocalidad], [codProvincia]) VALUES (420, N'PRESIDENCIA DE LA PLAZA', 3)
INSERT [dbo].[localidad] ([codLocalidad], [nombreLocalidad], [codProvincia]) VALUES (421, N'PRESIDENCIA ROCA', 3)
INSERT [dbo].[localidad] ([codLocalidad], [nombreLocalidad], [codProvincia]) VALUES (422, N'PRESIDENCIA ROQUE SÁENZ PEÑA', 3)
INSERT [dbo].[localidad] ([codLocalidad], [nombreLocalidad], [codProvincia]) VALUES (423, N'PUERTO BERMEJO', 3)
INSERT [dbo].[localidad] ([codLocalidad], [nombreLocalidad], [codProvincia]) VALUES (424, N'PUERTO EVA PERÓN', 3)
INSERT [dbo].[localidad] ([codLocalidad], [nombreLocalidad], [codProvincia]) VALUES (425, N'PUERO TIROL', 3)
INSERT [dbo].[localidad] ([codLocalidad], [nombreLocalidad], [codProvincia]) VALUES (426, N'PUERTO VILELAS', 3)
INSERT [dbo].[localidad] ([codLocalidad], [nombreLocalidad], [codProvincia]) VALUES (427, N'QUITILIPI', 3)
INSERT [dbo].[localidad] ([codLocalidad], [nombreLocalidad], [codProvincia]) VALUES (428, N'RESISTENCIA', 3)
INSERT [dbo].[localidad] ([codLocalidad], [nombreLocalidad], [codProvincia]) VALUES (429, N'SÁENZ PEÑA', 3)
INSERT [dbo].[localidad] ([codLocalidad], [nombreLocalidad], [codProvincia]) VALUES (430, N'SAMUHÚ', 3)
INSERT [dbo].[localidad] ([codLocalidad], [nombreLocalidad], [codProvincia]) VALUES (431, N'SAN BERNARDO', 3)
INSERT [dbo].[localidad] ([codLocalidad], [nombreLocalidad], [codProvincia]) VALUES (432, N'SANTA SYLVINA', 3)
INSERT [dbo].[localidad] ([codLocalidad], [nombreLocalidad], [codProvincia]) VALUES (433, N'TACO POZO', 3)
INSERT [dbo].[localidad] ([codLocalidad], [nombreLocalidad], [codProvincia]) VALUES (434, N'TRES ISLETAS', 3)
INSERT [dbo].[localidad] ([codLocalidad], [nombreLocalidad], [codProvincia]) VALUES (435, N'VILLA ÁNGELA', 3)
INSERT [dbo].[localidad] ([codLocalidad], [nombreLocalidad], [codProvincia]) VALUES (436, N'VILLA BERTHET', 3)
INSERT [dbo].[localidad] ([codLocalidad], [nombreLocalidad], [codProvincia]) VALUES (437, N'VILLA RÍO BERMEJITO', 3)
INSERT [dbo].[localidad] ([codLocalidad], [nombreLocalidad], [codProvincia]) VALUES (438, N'ALDEA APELEG', 4)
INSERT [dbo].[localidad] ([codLocalidad], [nombreLocalidad], [codProvincia]) VALUES (439, N'ALDEA BELEIRO', 4)
INSERT [dbo].[localidad] ([codLocalidad], [nombreLocalidad], [codProvincia]) VALUES (440, N'ALDEA EPULEF', 4)
INSERT [dbo].[localidad] ([codLocalidad], [nombreLocalidad], [codProvincia]) VALUES (441, N'ALTO RÍO SENGERR', 4)
INSERT [dbo].[localidad] ([codLocalidad], [nombreLocalidad], [codProvincia]) VALUES (442, N'BUEN PASTO', 4)
INSERT [dbo].[localidad] ([codLocalidad], [nombreLocalidad], [codProvincia]) VALUES (443, N'CAMARONES', 4)
INSERT [dbo].[localidad] ([codLocalidad], [nombreLocalidad], [codProvincia]) VALUES (444, N'CARRENLEUFÚ', 4)
INSERT [dbo].[localidad] ([codLocalidad], [nombreLocalidad], [codProvincia]) VALUES (445, N'CHOLILA', 4)
INSERT [dbo].[localidad] ([codLocalidad], [nombreLocalidad], [codProvincia]) VALUES (446, N'CO. CENTINELA', 4)
INSERT [dbo].[localidad] ([codLocalidad], [nombreLocalidad], [codProvincia]) VALUES (447, N'COLAN CONHUÉ', 4)
INSERT [dbo].[localidad] ([codLocalidad], [nombreLocalidad], [codProvincia]) VALUES (448, N'COMODORO RIVADAVIA', 4)
INSERT [dbo].[localidad] ([codLocalidad], [nombreLocalidad], [codProvincia]) VALUES (449, N'CORCOVADO', 4)
INSERT [dbo].[localidad] ([codLocalidad], [nombreLocalidad], [codProvincia]) VALUES (450, N'CUSHAMEN', 4)
INSERT [dbo].[localidad] ([codLocalidad], [nombreLocalidad], [codProvincia]) VALUES (451, N'DIQUE F. AMEGHINO', 4)
INSERT [dbo].[localidad] ([codLocalidad], [nombreLocalidad], [codProvincia]) VALUES (452, N'DOLAVÓN', 4)
INSERT [dbo].[localidad] ([codLocalidad], [nombreLocalidad], [codProvincia]) VALUES (453, N'DR. RICARDO ROJAS', 4)
INSERT [dbo].[localidad] ([codLocalidad], [nombreLocalidad], [codProvincia]) VALUES (454, N'EL HOYO', 4)
INSERT [dbo].[localidad] ([codLocalidad], [nombreLocalidad], [codProvincia]) VALUES (455, N'EL MAITÉN', 4)
INSERT [dbo].[localidad] ([codLocalidad], [nombreLocalidad], [codProvincia]) VALUES (456, N'EPUYÉN', 4)
INSERT [dbo].[localidad] ([codLocalidad], [nombreLocalidad], [codProvincia]) VALUES (457, N'ESQUEL', 4)
INSERT [dbo].[localidad] ([codLocalidad], [nombreLocalidad], [codProvincia]) VALUES (458, N'FACUNDO', 4)
INSERT [dbo].[localidad] ([codLocalidad], [nombreLocalidad], [codProvincia]) VALUES (459, N'GAIMÁN', 4)
INSERT [dbo].[localidad] ([codLocalidad], [nombreLocalidad], [codProvincia]) VALUES (460, N'GAN GAN', 4)
INSERT [dbo].[localidad] ([codLocalidad], [nombreLocalidad], [codProvincia]) VALUES (461, N'GASTRE', 4)
INSERT [dbo].[localidad] ([codLocalidad], [nombreLocalidad], [codProvincia]) VALUES (462, N'GOBERNADOR COSTA', 4)
INSERT [dbo].[localidad] ([codLocalidad], [nombreLocalidad], [codProvincia]) VALUES (463, N'GUALJAINA', 4)
INSERT [dbo].[localidad] ([codLocalidad], [nombreLocalidad], [codProvincia]) VALUES (464, N'JOSÉ DE SAN MARTÍN', 4)
INSERT [dbo].[localidad] ([codLocalidad], [nombreLocalidad], [codProvincia]) VALUES (465, N'LAGO BLANCO', 4)
INSERT [dbo].[localidad] ([codLocalidad], [nombreLocalidad], [codProvincia]) VALUES (466, N'LAGO PUELO', 4)
INSERT [dbo].[localidad] ([codLocalidad], [nombreLocalidad], [codProvincia]) VALUES (467, N'LAGUNITA SALADA', 4)
INSERT [dbo].[localidad] ([codLocalidad], [nombreLocalidad], [codProvincia]) VALUES (468, N'LAS PLUMAS', 4)
INSERT [dbo].[localidad] ([codLocalidad], [nombreLocalidad], [codProvincia]) VALUES (469, N'LOS ALTARES', 4)
INSERT [dbo].[localidad] ([codLocalidad], [nombreLocalidad], [codProvincia]) VALUES (470, N'PASO DE LOS INDIOS', 4)
INSERT [dbo].[localidad] ([codLocalidad], [nombreLocalidad], [codProvincia]) VALUES (471, N'PASO DEL SAPO', 4)
INSERT [dbo].[localidad] ([codLocalidad], [nombreLocalidad], [codProvincia]) VALUES (472, N'PUERTO MADRYN', 4)
INSERT [dbo].[localidad] ([codLocalidad], [nombreLocalidad], [codProvincia]) VALUES (473, N'PUERTO PIRÁMIDES', 4)
INSERT [dbo].[localidad] ([codLocalidad], [nombreLocalidad], [codProvincia]) VALUES (474, N'RADA TILLY', 4)
INSERT [dbo].[localidad] ([codLocalidad], [nombreLocalidad], [codProvincia]) VALUES (475, N'RAWSON', 4)
INSERT [dbo].[localidad] ([codLocalidad], [nombreLocalidad], [codProvincia]) VALUES (476, N'RÍO MAYO', 4)
INSERT [dbo].[localidad] ([codLocalidad], [nombreLocalidad], [codProvincia]) VALUES (477, N'RÍO PICO', 4)
INSERT [dbo].[localidad] ([codLocalidad], [nombreLocalidad], [codProvincia]) VALUES (478, N'SARMIENTO', 4)
INSERT [dbo].[localidad] ([codLocalidad], [nombreLocalidad], [codProvincia]) VALUES (479, N'TECKA', 4)
INSERT [dbo].[localidad] ([codLocalidad], [nombreLocalidad], [codProvincia]) VALUES (480, N'TELSEN', 4)
INSERT [dbo].[localidad] ([codLocalidad], [nombreLocalidad], [codProvincia]) VALUES (481, N'TRELEW', 4)
INSERT [dbo].[localidad] ([codLocalidad], [nombreLocalidad], [codProvincia]) VALUES (482, N'TREVELIN', 4)
INSERT [dbo].[localidad] ([codLocalidad], [nombreLocalidad], [codProvincia]) VALUES (483, N'VEINTIOCHO DE JULIO', 4)
INSERT [dbo].[localidad] ([codLocalidad], [nombreLocalidad], [codProvincia]) VALUES (484, N'ACHIRAS', 5)
INSERT [dbo].[localidad] ([codLocalidad], [nombreLocalidad], [codProvincia]) VALUES (485, N'AGUA DE ORO', 5)
INSERT [dbo].[localidad] ([codLocalidad], [nombreLocalidad], [codProvincia]) VALUES (486, N'ALCIRA GIGENA', 5)
INSERT [dbo].[localidad] ([codLocalidad], [nombreLocalidad], [codProvincia]) VALUES (487, N'ALMAFUERTE', 5)
INSERT [dbo].[localidad] ([codLocalidad], [nombreLocalidad], [codProvincia]) VALUES (488, N'ALPA CORRAL', 5)
INSERT [dbo].[localidad] ([codLocalidad], [nombreLocalidad], [codProvincia]) VALUES (489, N'ALTA GRACIA', 5)
INSERT [dbo].[localidad] ([codLocalidad], [nombreLocalidad], [codProvincia]) VALUES (490, N'AMBOY', 5)
INSERT [dbo].[localidad] ([codLocalidad], [nombreLocalidad], [codProvincia]) VALUES (491, N'ANISACATE', 5)
INSERT [dbo].[localidad] ([codLocalidad], [nombreLocalidad], [codProvincia]) VALUES (492, N'ARIAS', 5)
INSERT [dbo].[localidad] ([codLocalidad], [nombreLocalidad], [codProvincia]) VALUES (493, N'ARROYITO', 5)
INSERT [dbo].[localidad] ([codLocalidad], [nombreLocalidad], [codProvincia]) VALUES (494, N'ARROYO DE LOS PATOS', 5)
INSERT [dbo].[localidad] ([codLocalidad], [nombreLocalidad], [codProvincia]) VALUES (495, N'ASCOCHINGA', 5)
INSERT [dbo].[localidad] ([codLocalidad], [nombreLocalidad], [codProvincia]) VALUES (496, N'ATHOS PAMPA', 5)
INSERT [dbo].[localidad] ([codLocalidad], [nombreLocalidad], [codProvincia]) VALUES (497, N'BALLESTEROS', 5)
INSERT [dbo].[localidad] ([codLocalidad], [nombreLocalidad], [codProvincia]) VALUES (498, N'BALNEARIA', 5)
INSERT [dbo].[localidad] ([codLocalidad], [nombreLocalidad], [codProvincia]) VALUES (499, N'BELL VILLE', 5)
GO
INSERT [dbo].[localidad] ([codLocalidad], [nombreLocalidad], [codProvincia]) VALUES (500, N'BERROTARÁN', 5)
INSERT [dbo].[localidad] ([codLocalidad], [nombreLocalidad], [codProvincia]) VALUES (501, N'BIALET MASSE', 5)
INSERT [dbo].[localidad] ([codLocalidad], [nombreLocalidad], [codProvincia]) VALUES (502, N'BRINKMANN', 5)
INSERT [dbo].[localidad] ([codLocalidad], [nombreLocalidad], [codProvincia]) VALUES (503, N'CABALANGO', 5)
INSERT [dbo].[localidad] ([codLocalidad], [nombreLocalidad], [codProvincia]) VALUES (504, N'CALMAYO', 5)
INSERT [dbo].[localidad] ([codLocalidad], [nombreLocalidad], [codProvincia]) VALUES (505, N'CAMINIAGA', 5)
INSERT [dbo].[localidad] ([codLocalidad], [nombreLocalidad], [codProvincia]) VALUES (506, N'CANALS', 5)
INSERT [dbo].[localidad] ([codLocalidad], [nombreLocalidad], [codProvincia]) VALUES (507, N'CAÑADA DEL SAUCE', 5)
INSERT [dbo].[localidad] ([codLocalidad], [nombreLocalidad], [codProvincia]) VALUES (508, N'CAPILLA DEL MONTE', 5)
INSERT [dbo].[localidad] ([codLocalidad], [nombreLocalidad], [codProvincia]) VALUES (509, N'CASA GRANDE', 5)
INSERT [dbo].[localidad] ([codLocalidad], [nombreLocalidad], [codProvincia]) VALUES (510, N'CAVANAGH', 5)
INSERT [dbo].[localidad] ([codLocalidad], [nombreLocalidad], [codProvincia]) VALUES (511, N'CERRO CHAMPAQUI', 5)
INSERT [dbo].[localidad] ([codLocalidad], [nombreLocalidad], [codProvincia]) VALUES (512, N'CERRO COLORADO', 5)
INSERT [dbo].[localidad] ([codLocalidad], [nombreLocalidad], [codProvincia]) VALUES (513, N'CHARBONIER', 5)
INSERT [dbo].[localidad] ([codLocalidad], [nombreLocalidad], [codProvincia]) VALUES (514, N'CIUDAD DE CÓRDOBA', 5)
INSERT [dbo].[localidad] ([codLocalidad], [nombreLocalidad], [codProvincia]) VALUES (515, N'COLONIA CAROYA', 5)
INSERT [dbo].[localidad] ([codLocalidad], [nombreLocalidad], [codProvincia]) VALUES (516, N'COPACABANA', 5)
INSERT [dbo].[localidad] ([codLocalidad], [nombreLocalidad], [codProvincia]) VALUES (517, N'CORONEL MOLDES', 5)
INSERT [dbo].[localidad] ([codLocalidad], [nombreLocalidad], [codProvincia]) VALUES (518, N'CORRAL DE BUSTOS', 5)
INSERT [dbo].[localidad] ([codLocalidad], [nombreLocalidad], [codProvincia]) VALUES (519, N'COSQUÍN', 5)
INSERT [dbo].[localidad] ([codLocalidad], [nombreLocalidad], [codProvincia]) VALUES (520, N'CRUZ ALTA', 5)
INSERT [dbo].[localidad] ([codLocalidad], [nombreLocalidad], [codProvincia]) VALUES (521, N'CRUZ CHICA', 5)
INSERT [dbo].[localidad] ([codLocalidad], [nombreLocalidad], [codProvincia]) VALUES (522, N'CRUZ DEL EJE', 5)
INSERT [dbo].[localidad] ([codLocalidad], [nombreLocalidad], [codProvincia]) VALUES (523, N'CRUZ GRANDE', 5)
INSERT [dbo].[localidad] ([codLocalidad], [nombreLocalidad], [codProvincia]) VALUES (524, N'CUESTA BLANCA', 5)
INSERT [dbo].[localidad] ([codLocalidad], [nombreLocalidad], [codProvincia]) VALUES (525, N'DALMACIO VELEZ SARSFIELD', 5)
INSERT [dbo].[localidad] ([codLocalidad], [nombreLocalidad], [codProvincia]) VALUES (526, N'DEAN FUNES', 5)
INSERT [dbo].[localidad] ([codLocalidad], [nombreLocalidad], [codProvincia]) VALUES (527, N'DEL CAMPILLO', 5)
INSERT [dbo].[localidad] ([codLocalidad], [nombreLocalidad], [codProvincia]) VALUES (528, N'DESPEÑADEROS', 5)
INSERT [dbo].[localidad] ([codLocalidad], [nombreLocalidad], [codProvincia]) VALUES (529, N'DEVOTO', 5)
INSERT [dbo].[localidad] ([codLocalidad], [nombreLocalidad], [codProvincia]) VALUES (530, N'EL DURAZNO', 5)
INSERT [dbo].[localidad] ([codLocalidad], [nombreLocalidad], [codProvincia]) VALUES (531, N'EL MANZANO', 5)
INSERT [dbo].[localidad] ([codLocalidad], [nombreLocalidad], [codProvincia]) VALUES (532, N'EL TÍO', 5)
INSERT [dbo].[localidad] ([codLocalidad], [nombreLocalidad], [codProvincia]) VALUES (533, N'EMBALSE', 5)
INSERT [dbo].[localidad] ([codLocalidad], [nombreLocalidad], [codProvincia]) VALUES (534, N'ESTANCIA VIEJA', 5)
INSERT [dbo].[localidad] ([codLocalidad], [nombreLocalidad], [codProvincia]) VALUES (535, N'FALDA DEL CARMEN', 5)
INSERT [dbo].[localidad] ([codLocalidad], [nombreLocalidad], [codProvincia]) VALUES (536, N'GENERAL BALDISSERA', 5)
INSERT [dbo].[localidad] ([codLocalidad], [nombreLocalidad], [codProvincia]) VALUES (537, N'GENERAL CABRERA', 5)
INSERT [dbo].[localidad] ([codLocalidad], [nombreLocalidad], [codProvincia]) VALUES (538, N'GENERAL DEHEZA', 5)
INSERT [dbo].[localidad] ([codLocalidad], [nombreLocalidad], [codProvincia]) VALUES (539, N'GENERAL LEVALLE', 5)
INSERT [dbo].[localidad] ([codLocalidad], [nombreLocalidad], [codProvincia]) VALUES (540, N'HERNANDO', 5)
INSERT [dbo].[localidad] ([codLocalidad], [nombreLocalidad], [codProvincia]) VALUES (541, N'HUERTA GRANDE', 5)
INSERT [dbo].[localidad] ([codLocalidad], [nombreLocalidad], [codProvincia]) VALUES (542, N'HUINCA RENANCO', 5)
INSERT [dbo].[localidad] ([codLocalidad], [nombreLocalidad], [codProvincia]) VALUES (543, N'ICHO CRUZ', 5)
INSERT [dbo].[localidad] ([codLocalidad], [nombreLocalidad], [codProvincia]) VALUES (544, N'IFFLINGER', 5)
INSERT [dbo].[localidad] ([codLocalidad], [nombreLocalidad], [codProvincia]) VALUES (545, N'INTIYACO', 5)
INSERT [dbo].[localidad] ([codLocalidad], [nombreLocalidad], [codProvincia]) VALUES (546, N'ISCHILÍN', 5)
INSERT [dbo].[localidad] ([codLocalidad], [nombreLocalidad], [codProvincia]) VALUES (547, N'JAMES CRAIK', 5)
INSERT [dbo].[localidad] ([codLocalidad], [nombreLocalidad], [codProvincia]) VALUES (548, N'JESÚS MARÍA', 5)
INSERT [dbo].[localidad] ([codLocalidad], [nombreLocalidad], [codProvincia]) VALUES (549, N'JOSÉ DE LA QUINTANA', 5)
INSERT [dbo].[localidad] ([codLocalidad], [nombreLocalidad], [codProvincia]) VALUES (550, N'JOVITA', 5)
INSERT [dbo].[localidad] ([codLocalidad], [nombreLocalidad], [codProvincia]) VALUES (551, N'JUÁREZ CELMAN', 5)
INSERT [dbo].[localidad] ([codLocalidad], [nombreLocalidad], [codProvincia]) VALUES (552, N'JUSTINIANO POSSE', 5)
INSERT [dbo].[localidad] ([codLocalidad], [nombreLocalidad], [codProvincia]) VALUES (553, N'LA BOLSA', 5)
INSERT [dbo].[localidad] ([codLocalidad], [nombreLocalidad], [codProvincia]) VALUES (554, N'LABOULAYE', 5)
INSERT [dbo].[localidad] ([codLocalidad], [nombreLocalidad], [codProvincia]) VALUES (555, N'LA CALERA', 5)
INSERT [dbo].[localidad] ([codLocalidad], [nombreLocalidad], [codProvincia]) VALUES (556, N'LA CARLOTA', 5)
INSERT [dbo].[localidad] ([codLocalidad], [nombreLocalidad], [codProvincia]) VALUES (557, N'LA CESIRA', 5)
INSERT [dbo].[localidad] ([codLocalidad], [nombreLocalidad], [codProvincia]) VALUES (558, N'LA CRUZ', 5)
INSERT [dbo].[localidad] ([codLocalidad], [nombreLocalidad], [codProvincia]) VALUES (559, N'LA CUMBRE', 5)
INSERT [dbo].[localidad] ([codLocalidad], [nombreLocalidad], [codProvincia]) VALUES (560, N'LA CUMBRECITA', 5)
INSERT [dbo].[localidad] ([codLocalidad], [nombreLocalidad], [codProvincia]) VALUES (561, N'LA FALDA', 5)
INSERT [dbo].[localidad] ([codLocalidad], [nombreLocalidad], [codProvincia]) VALUES (562, N'LA FRANCIA', 5)
INSERT [dbo].[localidad] ([codLocalidad], [nombreLocalidad], [codProvincia]) VALUES (563, N'LA GRANJA', 5)
INSERT [dbo].[localidad] ([codLocalidad], [nombreLocalidad], [codProvincia]) VALUES (564, N'LA HIGUERA', 5)
INSERT [dbo].[localidad] ([codLocalidad], [nombreLocalidad], [codProvincia]) VALUES (565, N'LA PAISANITA', 5)
INSERT [dbo].[localidad] ([codLocalidad], [nombreLocalidad], [codProvincia]) VALUES (566, N'LA PARA', 5)
INSERT [dbo].[localidad] ([codLocalidad], [nombreLocalidad], [codProvincia]) VALUES (567, N'LA PAZ', 5)
INSERT [dbo].[localidad] ([codLocalidad], [nombreLocalidad], [codProvincia]) VALUES (568, N'LA POBLACIÓN', 5)
INSERT [dbo].[localidad] ([codLocalidad], [nombreLocalidad], [codProvincia]) VALUES (569, N'LA RANCHERITA', 5)
INSERT [dbo].[localidad] ([codLocalidad], [nombreLocalidad], [codProvincia]) VALUES (570, N'LAS ALBAHACAS', 5)
INSERT [dbo].[localidad] ([codLocalidad], [nombreLocalidad], [codProvincia]) VALUES (571, N'LAS CALERAS', 5)
INSERT [dbo].[localidad] ([codLocalidad], [nombreLocalidad], [codProvincia]) VALUES (572, N'LAS CALLES', 5)
INSERT [dbo].[localidad] ([codLocalidad], [nombreLocalidad], [codProvincia]) VALUES (573, N'LAS CHACRAS', 5)
INSERT [dbo].[localidad] ([codLocalidad], [nombreLocalidad], [codProvincia]) VALUES (574, N'LA SERRANITA', 5)
INSERT [dbo].[localidad] ([codLocalidad], [nombreLocalidad], [codProvincia]) VALUES (575, N'LAS JARILLAS', 5)
INSERT [dbo].[localidad] ([codLocalidad], [nombreLocalidad], [codProvincia]) VALUES (576, N'LAS PEÑAS', 5)
INSERT [dbo].[localidad] ([codLocalidad], [nombreLocalidad], [codProvincia]) VALUES (577, N'LAS PERDICES', 5)
INSERT [dbo].[localidad] ([codLocalidad], [nombreLocalidad], [codProvincia]) VALUES (578, N'LAS RABONAS', 5)
INSERT [dbo].[localidad] ([codLocalidad], [nombreLocalidad], [codProvincia]) VALUES (579, N'LAS TAPIAS', 5)
INSERT [dbo].[localidad] ([codLocalidad], [nombreLocalidad], [codProvincia]) VALUES (580, N'LAS VARILLAS', 5)
INSERT [dbo].[localidad] ([codLocalidad], [nombreLocalidad], [codProvincia]) VALUES (581, N'LEONES', 5)
INSERT [dbo].[localidad] ([codLocalidad], [nombreLocalidad], [codProvincia]) VALUES (582, N'LOMA BOLA', 5)
INSERT [dbo].[localidad] ([codLocalidad], [nombreLocalidad], [codProvincia]) VALUES (583, N'LOS CERRILLOS', 5)
INSERT [dbo].[localidad] ([codLocalidad], [nombreLocalidad], [codProvincia]) VALUES (584, N'LOS COCOS', 5)
INSERT [dbo].[localidad] ([codLocalidad], [nombreLocalidad], [codProvincia]) VALUES (585, N'LOS CÓNDORES', 5)
INSERT [dbo].[localidad] ([codLocalidad], [nombreLocalidad], [codProvincia]) VALUES (586, N'LOS GIGANTES', 5)
INSERT [dbo].[localidad] ([codLocalidad], [nombreLocalidad], [codProvincia]) VALUES (587, N'LOS HORNILLOS', 5)
INSERT [dbo].[localidad] ([codLocalidad], [nombreLocalidad], [codProvincia]) VALUES (588, N'LOS MOLINOS', 5)
INSERT [dbo].[localidad] ([codLocalidad], [nombreLocalidad], [codProvincia]) VALUES (589, N'LOS POZOS', 5)
INSERT [dbo].[localidad] ([codLocalidad], [nombreLocalidad], [codProvincia]) VALUES (590, N'LOS REARTES', 5)
INSERT [dbo].[localidad] ([codLocalidad], [nombreLocalidad], [codProvincia]) VALUES (591, N'LOS SURGENTES', 5)
INSERT [dbo].[localidad] ([codLocalidad], [nombreLocalidad], [codProvincia]) VALUES (592, N'LOZA CORRAL', 5)
INSERT [dbo].[localidad] ([codLocalidad], [nombreLocalidad], [codProvincia]) VALUES (593, N'LUQUE', 5)
INSERT [dbo].[localidad] ([codLocalidad], [nombreLocalidad], [codProvincia]) VALUES (594, N'LUTTI', 5)
INSERT [dbo].[localidad] ([codLocalidad], [nombreLocalidad], [codProvincia]) VALUES (595, N'LUYABA', 5)
INSERT [dbo].[localidad] ([codLocalidad], [nombreLocalidad], [codProvincia]) VALUES (596, N'MARCOS JUÁREZ', 5)
INSERT [dbo].[localidad] ([codLocalidad], [nombreLocalidad], [codProvincia]) VALUES (597, N'MARULL', 5)
INSERT [dbo].[localidad] ([codLocalidad], [nombreLocalidad], [codProvincia]) VALUES (598, N'MAYU SUMAJ', 5)
INSERT [dbo].[localidad] ([codLocalidad], [nombreLocalidad], [codProvincia]) VALUES (599, N'MENDIOLAZA', 5)
GO
INSERT [dbo].[localidad] ([codLocalidad], [nombreLocalidad], [codProvincia]) VALUES (600, N'MINA CLAVERO', 5)
INSERT [dbo].[localidad] ([codLocalidad], [nombreLocalidad], [codProvincia]) VALUES (601, N'MIRAMAR', 5)
INSERT [dbo].[localidad] ([codLocalidad], [nombreLocalidad], [codProvincia]) VALUES (602, N'MOLINARI', 5)
INSERT [dbo].[localidad] ([codLocalidad], [nombreLocalidad], [codProvincia]) VALUES (603, N'MONTE BUEY', 5)
INSERT [dbo].[localidad] ([codLocalidad], [nombreLocalidad], [codProvincia]) VALUES (604, N'MONTE MAÍZ', 5)
INSERT [dbo].[localidad] ([codLocalidad], [nombreLocalidad], [codProvincia]) VALUES (605, N'MORTEROS', 5)
INSERT [dbo].[localidad] ([codLocalidad], [nombreLocalidad], [codProvincia]) VALUES (606, N'NONO', 5)
INSERT [dbo].[localidad] ([codLocalidad], [nombreLocalidad], [codProvincia]) VALUES (607, N'OLIVA', 5)
INSERT [dbo].[localidad] ([codLocalidad], [nombreLocalidad], [codProvincia]) VALUES (608, N'ONCATIVO', 5)
INSERT [dbo].[localidad] ([codLocalidad], [nombreLocalidad], [codProvincia]) VALUES (609, N'ONGAMIRA', 5)
INSERT [dbo].[localidad] ([codLocalidad], [nombreLocalidad], [codProvincia]) VALUES (610, N'PANAHOLMA', 5)
INSERT [dbo].[localidad] ([codLocalidad], [nombreLocalidad], [codProvincia]) VALUES (611, N'PILAR', 5)
INSERT [dbo].[localidad] ([codLocalidad], [nombreLocalidad], [codProvincia]) VALUES (612, N'POTRERO DE GARAY', 5)
INSERT [dbo].[localidad] ([codLocalidad], [nombreLocalidad], [codProvincia]) VALUES (613, N'QUILINO', 5)
INSERT [dbo].[localidad] ([codLocalidad], [nombreLocalidad], [codProvincia]) VALUES (614, N'RIO CEBALLOS', 5)
INSERT [dbo].[localidad] ([codLocalidad], [nombreLocalidad], [codProvincia]) VALUES (615, N'RÍO CUARTO', 5)
INSERT [dbo].[localidad] ([codLocalidad], [nombreLocalidad], [codProvincia]) VALUES (616, N'RÍO DE LOS SAUCES', 5)
INSERT [dbo].[localidad] ([codLocalidad], [nombreLocalidad], [codProvincia]) VALUES (617, N'RÍO PRIMERO', 5)
INSERT [dbo].[localidad] ([codLocalidad], [nombreLocalidad], [codProvincia]) VALUES (618, N'RÍO SEGUNDO', 5)
INSERT [dbo].[localidad] ([codLocalidad], [nombreLocalidad], [codProvincia]) VALUES (619, N'RIO TERCERO', 5)
INSERT [dbo].[localidad] ([codLocalidad], [nombreLocalidad], [codProvincia]) VALUES (620, N'SACANTA', 5)
INSERT [dbo].[localidad] ([codLocalidad], [nombreLocalidad], [codProvincia]) VALUES (621, N'SALDAN', 5)
INSERT [dbo].[localidad] ([codLocalidad], [nombreLocalidad], [codProvincia]) VALUES (622, N'SALSACATE', 5)
INSERT [dbo].[localidad] ([codLocalidad], [nombreLocalidad], [codProvincia]) VALUES (623, N'SALSIPUEDES', 5)
INSERT [dbo].[localidad] ([codLocalidad], [nombreLocalidad], [codProvincia]) VALUES (624, N'SAMPACHO', 5)
INSERT [dbo].[localidad] ([codLocalidad], [nombreLocalidad], [codProvincia]) VALUES (625, N'SAN AGUSTÍN', 5)
INSERT [dbo].[localidad] ([codLocalidad], [nombreLocalidad], [codProvincia]) VALUES (626, N'SAN A. DE ARREDONDO', 5)
INSERT [dbo].[localidad] ([codLocalidad], [nombreLocalidad], [codProvincia]) VALUES (627, N'SAN CARLOS MINAS', 5)
INSERT [dbo].[localidad] ([codLocalidad], [nombreLocalidad], [codProvincia]) VALUES (628, N'SAN CLEMENTE', 5)
INSERT [dbo].[localidad] ([codLocalidad], [nombreLocalidad], [codProvincia]) VALUES (629, N'SAN ESTEBAN', 5)
INSERT [dbo].[localidad] ([codLocalidad], [nombreLocalidad], [codProvincia]) VALUES (630, N'SAN FRANCISCO', 5)
INSERT [dbo].[localidad] ([codLocalidad], [nombreLocalidad], [codProvincia]) VALUES (631, N'SAN FRANCISCO DEL CHAÑAR', 5)
INSERT [dbo].[localidad] ([codLocalidad], [nombreLocalidad], [codProvincia]) VALUES (632, N'SAN JAVIER', 5)
INSERT [dbo].[localidad] ([codLocalidad], [nombreLocalidad], [codProvincia]) VALUES (633, N'SAN JOSE DE LA DORMIDA', 5)
INSERT [dbo].[localidad] ([codLocalidad], [nombreLocalidad], [codProvincia]) VALUES (634, N'SAN LORENZO', 5)
INSERT [dbo].[localidad] ([codLocalidad], [nombreLocalidad], [codProvincia]) VALUES (635, N'SAN MARCOS SIERRAS', 5)
INSERT [dbo].[localidad] ([codLocalidad], [nombreLocalidad], [codProvincia]) VALUES (636, N'SAN MIGUEL DE LOS RÍOS', 5)
INSERT [dbo].[localidad] ([codLocalidad], [nombreLocalidad], [codProvincia]) VALUES (637, N'SAN ROQUE', 5)
INSERT [dbo].[localidad] ([codLocalidad], [nombreLocalidad], [codProvincia]) VALUES (638, N'SANTA CATALINA', 5)
INSERT [dbo].[localidad] ([codLocalidad], [nombreLocalidad], [codProvincia]) VALUES (639, N'SANTA CRUZ DEL LAGO', 5)
INSERT [dbo].[localidad] ([codLocalidad], [nombreLocalidad], [codProvincia]) VALUES (640, N'SANTA MARÍA DE PUNILLA', 5)
INSERT [dbo].[localidad] ([codLocalidad], [nombreLocalidad], [codProvincia]) VALUES (641, N'SANTA MÓNICA', 5)
INSERT [dbo].[localidad] ([codLocalidad], [nombreLocalidad], [codProvincia]) VALUES (642, N'SANTA ROSA', 5)
INSERT [dbo].[localidad] ([codLocalidad], [nombreLocalidad], [codProvincia]) VALUES (643, N'SEGUNDA USINA', 5)
INSERT [dbo].[localidad] ([codLocalidad], [nombreLocalidad], [codProvincia]) VALUES (644, N'SERRANO', 5)
INSERT [dbo].[localidad] ([codLocalidad], [nombreLocalidad], [codProvincia]) VALUES (645, N'SINSACATE', 5)
INSERT [dbo].[localidad] ([codLocalidad], [nombreLocalidad], [codProvincia]) VALUES (646, N'TALA HUASI', 5)
INSERT [dbo].[localidad] ([codLocalidad], [nombreLocalidad], [codProvincia]) VALUES (647, N'TANCACHA', 5)
INSERT [dbo].[localidad] ([codLocalidad], [nombreLocalidad], [codProvincia]) VALUES (648, N'TANTI', 5)
INSERT [dbo].[localidad] ([codLocalidad], [nombreLocalidad], [codProvincia]) VALUES (649, N'UCACHA', 5)
INSERT [dbo].[localidad] ([codLocalidad], [nombreLocalidad], [codProvincia]) VALUES (650, N'UNQUILLO', 5)
INSERT [dbo].[localidad] ([codLocalidad], [nombreLocalidad], [codProvincia]) VALUES (651, N'VALLE HERMOSO', 5)
INSERT [dbo].[localidad] ([codLocalidad], [nombreLocalidad], [codProvincia]) VALUES (652, N'VICUÑA MACKENNA', 5)
INSERT [dbo].[localidad] ([codLocalidad], [nombreLocalidad], [codProvincia]) VALUES (653, N'VILLA ALLENDE', 5)
INSERT [dbo].[localidad] ([codLocalidad], [nombreLocalidad], [codProvincia]) VALUES (654, N'VILLA ALPINA', 5)
INSERT [dbo].[localidad] ([codLocalidad], [nombreLocalidad], [codProvincia]) VALUES (655, N'VILLA AMANCAY', 5)
INSERT [dbo].[localidad] ([codLocalidad], [nombreLocalidad], [codProvincia]) VALUES (656, N'VILLA ANIMI', 5)
INSERT [dbo].[localidad] ([codLocalidad], [nombreLocalidad], [codProvincia]) VALUES (657, N'VILLA ASCASUBI', 5)
INSERT [dbo].[localidad] ([codLocalidad], [nombreLocalidad], [codProvincia]) VALUES (658, N'VILLA BERNA', 5)
INSERT [dbo].[localidad] ([codLocalidad], [nombreLocalidad], [codProvincia]) VALUES (659, N'VILLA CAÑADA DEL SAUCE', 5)
INSERT [dbo].[localidad] ([codLocalidad], [nombreLocalidad], [codProvincia]) VALUES (660, N'VILLA CARLOS PAZ', 5)
INSERT [dbo].[localidad] ([codLocalidad], [nombreLocalidad], [codProvincia]) VALUES (661, N'VILLA CERRO AZUL', 5)
INSERT [dbo].[localidad] ([codLocalidad], [nombreLocalidad], [codProvincia]) VALUES (662, N'VILLA CIUDAD DE AMÉRICA', 5)
INSERT [dbo].[localidad] ([codLocalidad], [nombreLocalidad], [codProvincia]) VALUES (663, N'VILLA CIUDAD PARQUE', 5)
INSERT [dbo].[localidad] ([codLocalidad], [nombreLocalidad], [codProvincia]) VALUES (664, N'VILLA CURA BROCHERO', 5)
INSERT [dbo].[localidad] ([codLocalidad], [nombreLocalidad], [codProvincia]) VALUES (665, N'VILLA DEL DIQUE', 5)
INSERT [dbo].[localidad] ([codLocalidad], [nombreLocalidad], [codProvincia]) VALUES (666, N'VILLA DEL ROSARIO', 5)
INSERT [dbo].[localidad] ([codLocalidad], [nombreLocalidad], [codProvincia]) VALUES (667, N'VILLA DEL TOTORAL', 5)
INSERT [dbo].[localidad] ([codLocalidad], [nombreLocalidad], [codProvincia]) VALUES (668, N'VILLA DE MARÍA', 5)
INSERT [dbo].[localidad] ([codLocalidad], [nombreLocalidad], [codProvincia]) VALUES (669, N'VILLA DE POCHO', 5)
INSERT [dbo].[localidad] ([codLocalidad], [nombreLocalidad], [codProvincia]) VALUES (670, N'VILLA DE SOTO', 5)
INSERT [dbo].[localidad] ([codLocalidad], [nombreLocalidad], [codProvincia]) VALUES (671, N'VILLA DE TULUMBA', 5)
INSERT [dbo].[localidad] ([codLocalidad], [nombreLocalidad], [codProvincia]) VALUES (672, N'VILLA DOLORES', 5)
INSERT [dbo].[localidad] ([codLocalidad], [nombreLocalidad], [codProvincia]) VALUES (673, N'VILLA EL CHACAY', 5)
INSERT [dbo].[localidad] ([codLocalidad], [nombreLocalidad], [codProvincia]) VALUES (674, N'VILLA GENERAL BELGRANO', 5)
INSERT [dbo].[localidad] ([codLocalidad], [nombreLocalidad], [codProvincia]) VALUES (675, N'VILLA GIARDINO', 5)
INSERT [dbo].[localidad] ([codLocalidad], [nombreLocalidad], [codProvincia]) VALUES (676, N'VILLA HUIDOBRO', 5)
INSERT [dbo].[localidad] ([codLocalidad], [nombreLocalidad], [codProvincia]) VALUES (677, N'VILLA LA MERCED', 5)
INSERT [dbo].[localidad] ([codLocalidad], [nombreLocalidad], [codProvincia]) VALUES (678, N'VILLA DE LAS ROSAS', 5)
INSERT [dbo].[localidad] ([codLocalidad], [nombreLocalidad], [codProvincia]) VALUES (679, N'VILLA LOS AROMOS', 5)
INSERT [dbo].[localidad] ([codLocalidad], [nombreLocalidad], [codProvincia]) VALUES (680, N'VILLA MARIA', 5)
INSERT [dbo].[localidad] ([codLocalidad], [nombreLocalidad], [codProvincia]) VALUES (681, N'VILLA PARQUE SIQUIMAN', 5)
INSERT [dbo].[localidad] ([codLocalidad], [nombreLocalidad], [codProvincia]) VALUES (682, N'VILLA QUILLINZO', 5)
INSERT [dbo].[localidad] ([codLocalidad], [nombreLocalidad], [codProvincia]) VALUES (683, N'VILLA RUMIPAL', 5)
INSERT [dbo].[localidad] ([codLocalidad], [nombreLocalidad], [codProvincia]) VALUES (684, N'VILLA SAN MIGUEL', 5)
INSERT [dbo].[localidad] ([codLocalidad], [nombreLocalidad], [codProvincia]) VALUES (685, N'VILLA SILVINA', 5)
INSERT [dbo].[localidad] ([codLocalidad], [nombreLocalidad], [codProvincia]) VALUES (686, N'VILLA YACANTO', 5)
INSERT [dbo].[localidad] ([codLocalidad], [nombreLocalidad], [codProvincia]) VALUES (687, N'YACANTO', 5)
INSERT [dbo].[localidad] ([codLocalidad], [nombreLocalidad], [codProvincia]) VALUES (688, N'ALVEAR', 6)
INSERT [dbo].[localidad] ([codLocalidad], [nombreLocalidad], [codProvincia]) VALUES (689, N'BELLA VISTA', 6)
INSERT [dbo].[localidad] ([codLocalidad], [nombreLocalidad], [codProvincia]) VALUES (690, N'BERÓN DE ASTRADA', 6)
INSERT [dbo].[localidad] ([codLocalidad], [nombreLocalidad], [codProvincia]) VALUES (691, N'BONPLAND', 6)
INSERT [dbo].[localidad] ([codLocalidad], [nombreLocalidad], [codProvincia]) VALUES (692, N'CAÁ CATI', 6)
INSERT [dbo].[localidad] ([codLocalidad], [nombreLocalidad], [codProvincia]) VALUES (693, N'CAPITAL (CORRIENTES)', 6)
INSERT [dbo].[localidad] ([codLocalidad], [nombreLocalidad], [codProvincia]) VALUES (694, N'CHAVARRÍA', 6)
INSERT [dbo].[localidad] ([codLocalidad], [nombreLocalidad], [codProvincia]) VALUES (695, N'COLONIA C. PELLEGRINI', 6)
INSERT [dbo].[localidad] ([codLocalidad], [nombreLocalidad], [codProvincia]) VALUES (696, N'COLONIA LIBERTAD', 6)
INSERT [dbo].[localidad] ([codLocalidad], [nombreLocalidad], [codProvincia]) VALUES (697, N'COLONIA LIEBIG', 6)
INSERT [dbo].[localidad] ([codLocalidad], [nombreLocalidad], [codProvincia]) VALUES (698, N'COLONIA STA ROSA', 6)
INSERT [dbo].[localidad] ([codLocalidad], [nombreLocalidad], [codProvincia]) VALUES (699, N'CONCEPCIÓN', 6)
GO
INSERT [dbo].[localidad] ([codLocalidad], [nombreLocalidad], [codProvincia]) VALUES (700, N'CRUZ DE LOS MILAGROS', 6)
INSERT [dbo].[localidad] ([codLocalidad], [nombreLocalidad], [codProvincia]) VALUES (701, N'CURUZÚ-CUATIÁ', 6)
INSERT [dbo].[localidad] ([codLocalidad], [nombreLocalidad], [codProvincia]) VALUES (702, N'EMPEDRADO', 6)
INSERT [dbo].[localidad] ([codLocalidad], [nombreLocalidad], [codProvincia]) VALUES (703, N'ESQUINA', 6)
INSERT [dbo].[localidad] ([codLocalidad], [nombreLocalidad], [codProvincia]) VALUES (704, N'ESTACIÓN TORRENT', 6)
INSERT [dbo].[localidad] ([codLocalidad], [nombreLocalidad], [codProvincia]) VALUES (705, N'FELIPE YOFRÉ', 6)
INSERT [dbo].[localidad] ([codLocalidad], [nombreLocalidad], [codProvincia]) VALUES (706, N'GARRUCHOS', 6)
INSERT [dbo].[localidad] ([codLocalidad], [nombreLocalidad], [codProvincia]) VALUES (707, N'GOBERNADOR AGRÓNOMO', 6)
INSERT [dbo].[localidad] ([codLocalidad], [nombreLocalidad], [codProvincia]) VALUES (708, N'GOBERNADOR MARTÍNEZ', 6)
INSERT [dbo].[localidad] ([codLocalidad], [nombreLocalidad], [codProvincia]) VALUES (709, N'GOYA', 6)
INSERT [dbo].[localidad] ([codLocalidad], [nombreLocalidad], [codProvincia]) VALUES (710, N'GUAVIRAVI', 6)
INSERT [dbo].[localidad] ([codLocalidad], [nombreLocalidad], [codProvincia]) VALUES (711, N'HERLITZKA', 6)
INSERT [dbo].[localidad] ([codLocalidad], [nombreLocalidad], [codProvincia]) VALUES (712, N'ITA-IBATE', 6)
INSERT [dbo].[localidad] ([codLocalidad], [nombreLocalidad], [codProvincia]) VALUES (713, N'ITATÍ', 6)
INSERT [dbo].[localidad] ([codLocalidad], [nombreLocalidad], [codProvincia]) VALUES (714, N'ITUZAINGÓ', 6)
INSERT [dbo].[localidad] ([codLocalidad], [nombreLocalidad], [codProvincia]) VALUES (715, N'JOSÉ RAFAEL GÓMEZ', 6)
INSERT [dbo].[localidad] ([codLocalidad], [nombreLocalidad], [codProvincia]) VALUES (716, N'JUAN PUJOL', 6)
INSERT [dbo].[localidad] ([codLocalidad], [nombreLocalidad], [codProvincia]) VALUES (717, N'LA CRUZ', 6)
INSERT [dbo].[localidad] ([codLocalidad], [nombreLocalidad], [codProvincia]) VALUES (718, N'LAVALLE', 6)
INSERT [dbo].[localidad] ([codLocalidad], [nombreLocalidad], [codProvincia]) VALUES (719, N'LOMAS DE VALLEJOS', 6)
INSERT [dbo].[localidad] ([codLocalidad], [nombreLocalidad], [codProvincia]) VALUES (720, N'LORETO', 6)
INSERT [dbo].[localidad] ([codLocalidad], [nombreLocalidad], [codProvincia]) VALUES (721, N'MARIANO INDALECIO LOZA', 6)
INSERT [dbo].[localidad] ([codLocalidad], [nombreLocalidad], [codProvincia]) VALUES (722, N'MBURUCUYÁ', 6)
INSERT [dbo].[localidad] ([codLocalidad], [nombreLocalidad], [codProvincia]) VALUES (723, N'MERCEDES', 6)
INSERT [dbo].[localidad] ([codLocalidad], [nombreLocalidad], [codProvincia]) VALUES (724, N'MOCORETÁ', 6)
INSERT [dbo].[localidad] ([codLocalidad], [nombreLocalidad], [codProvincia]) VALUES (725, N'MONTE CASEROS', 6)
INSERT [dbo].[localidad] ([codLocalidad], [nombreLocalidad], [codProvincia]) VALUES (726, N'NUEVE DE JULIO', 6)
INSERT [dbo].[localidad] ([codLocalidad], [nombreLocalidad], [codProvincia]) VALUES (727, N'PALMAR GRANDE', 6)
INSERT [dbo].[localidad] ([codLocalidad], [nombreLocalidad], [codProvincia]) VALUES (728, N'PARADA PUCHETA', 6)
INSERT [dbo].[localidad] ([codLocalidad], [nombreLocalidad], [codProvincia]) VALUES (729, N'PASO DE LA PATRIA', 6)
INSERT [dbo].[localidad] ([codLocalidad], [nombreLocalidad], [codProvincia]) VALUES (730, N'PASO DE LOS LIBRES', 6)
INSERT [dbo].[localidad] ([codLocalidad], [nombreLocalidad], [codProvincia]) VALUES (731, N'PEDRO R. FERNANDEZ', 6)
INSERT [dbo].[localidad] ([codLocalidad], [nombreLocalidad], [codProvincia]) VALUES (732, N'PERUGORRÍA', 6)
INSERT [dbo].[localidad] ([codLocalidad], [nombreLocalidad], [codProvincia]) VALUES (733, N'PUEBLO LIBERTADOR', 6)
INSERT [dbo].[localidad] ([codLocalidad], [nombreLocalidad], [codProvincia]) VALUES (734, N'RAMADA PASO', 6)
INSERT [dbo].[localidad] ([codLocalidad], [nombreLocalidad], [codProvincia]) VALUES (735, N'RIACHUELO', 6)
INSERT [dbo].[localidad] ([codLocalidad], [nombreLocalidad], [codProvincia]) VALUES (736, N'SALADAS', 6)
INSERT [dbo].[localidad] ([codLocalidad], [nombreLocalidad], [codProvincia]) VALUES (737, N'SAN ANTONIO', 6)
INSERT [dbo].[localidad] ([codLocalidad], [nombreLocalidad], [codProvincia]) VALUES (738, N'SAN CARLOS', 6)
INSERT [dbo].[localidad] ([codLocalidad], [nombreLocalidad], [codProvincia]) VALUES (739, N'SAN COSME', 6)
INSERT [dbo].[localidad] ([codLocalidad], [nombreLocalidad], [codProvincia]) VALUES (740, N'SAN LORENZO', 6)
INSERT [dbo].[localidad] ([codLocalidad], [nombreLocalidad], [codProvincia]) VALUES (741, N'20 DEL PALMAR', 6)
INSERT [dbo].[localidad] ([codLocalidad], [nombreLocalidad], [codProvincia]) VALUES (742, N'SAN MIGUEL', 6)
INSERT [dbo].[localidad] ([codLocalidad], [nombreLocalidad], [codProvincia]) VALUES (743, N'SAN ROQUE', 6)
INSERT [dbo].[localidad] ([codLocalidad], [nombreLocalidad], [codProvincia]) VALUES (744, N'SANTA ANA', 6)
INSERT [dbo].[localidad] ([codLocalidad], [nombreLocalidad], [codProvincia]) VALUES (745, N'SANTA LUCÍA', 6)
INSERT [dbo].[localidad] ([codLocalidad], [nombreLocalidad], [codProvincia]) VALUES (746, N'SANTO TOMÉ', 6)
INSERT [dbo].[localidad] ([codLocalidad], [nombreLocalidad], [codProvincia]) VALUES (747, N'SAUCE', 6)
INSERT [dbo].[localidad] ([codLocalidad], [nombreLocalidad], [codProvincia]) VALUES (748, N'TABAY', 6)
INSERT [dbo].[localidad] ([codLocalidad], [nombreLocalidad], [codProvincia]) VALUES (749, N'TAPEBICUÁ', 6)
INSERT [dbo].[localidad] ([codLocalidad], [nombreLocalidad], [codProvincia]) VALUES (750, N'TATACUA', 6)
INSERT [dbo].[localidad] ([codLocalidad], [nombreLocalidad], [codProvincia]) VALUES (751, N'VIRASORO', 6)
INSERT [dbo].[localidad] ([codLocalidad], [nombreLocalidad], [codProvincia]) VALUES (752, N'YAPEYÚ', 6)
INSERT [dbo].[localidad] ([codLocalidad], [nombreLocalidad], [codProvincia]) VALUES (753, N'YATAITÍ CALLE', 6)
INSERT [dbo].[localidad] ([codLocalidad], [nombreLocalidad], [codProvincia]) VALUES (754, N'ALARCÓN', 7)
INSERT [dbo].[localidad] ([codLocalidad], [nombreLocalidad], [codProvincia]) VALUES (755, N'ALCARAZ', 7)
INSERT [dbo].[localidad] ([codLocalidad], [nombreLocalidad], [codProvincia]) VALUES (756, N'ALCARAZ N.', 7)
INSERT [dbo].[localidad] ([codLocalidad], [nombreLocalidad], [codProvincia]) VALUES (757, N'ALCARAZ S.', 7)
INSERT [dbo].[localidad] ([codLocalidad], [nombreLocalidad], [codProvincia]) VALUES (758, N'ALDEA ASUNCIÓN', 7)
INSERT [dbo].[localidad] ([codLocalidad], [nombreLocalidad], [codProvincia]) VALUES (759, N'ALDEA BRASILERA', 7)
INSERT [dbo].[localidad] ([codLocalidad], [nombreLocalidad], [codProvincia]) VALUES (760, N'ALDEA ELGENFELD', 7)
INSERT [dbo].[localidad] ([codLocalidad], [nombreLocalidad], [codProvincia]) VALUES (761, N'ALDEA GRAPSCHENTAL', 7)
INSERT [dbo].[localidad] ([codLocalidad], [nombreLocalidad], [codProvincia]) VALUES (762, N'ALDEA MARÍA LUISA', 7)
INSERT [dbo].[localidad] ([codLocalidad], [nombreLocalidad], [codProvincia]) VALUES (763, N'ALDEA PROTESTANTE', 7)
INSERT [dbo].[localidad] ([codLocalidad], [nombreLocalidad], [codProvincia]) VALUES (764, N'ALDEA SALTO', 7)
INSERT [dbo].[localidad] ([codLocalidad], [nombreLocalidad], [codProvincia]) VALUES (765, N'ALDEA SAN ANTONIO (G)', 7)
INSERT [dbo].[localidad] ([codLocalidad], [nombreLocalidad], [codProvincia]) VALUES (766, N'ALDEA SAN ANTONIO (P)', 7)
INSERT [dbo].[localidad] ([codLocalidad], [nombreLocalidad], [codProvincia]) VALUES (767, N'ALDEA 19', 7)
INSERT [dbo].[localidad] ([codLocalidad], [nombreLocalidad], [codProvincia]) VALUES (768, N'ALDEA SAN MIGUEL', 7)
INSERT [dbo].[localidad] ([codLocalidad], [nombreLocalidad], [codProvincia]) VALUES (769, N'ALDEA SAN RAFAEL', 7)
INSERT [dbo].[localidad] ([codLocalidad], [nombreLocalidad], [codProvincia]) VALUES (770, N'ALDEA SPATZENKUTTER', 7)
INSERT [dbo].[localidad] ([codLocalidad], [nombreLocalidad], [codProvincia]) VALUES (771, N'ALDEA SANTA MARÍA', 7)
INSERT [dbo].[localidad] ([codLocalidad], [nombreLocalidad], [codProvincia]) VALUES (772, N'ALDEA SANTA ROSA', 7)
INSERT [dbo].[localidad] ([codLocalidad], [nombreLocalidad], [codProvincia]) VALUES (773, N'ALDEA VALLE MARÍA', 7)
INSERT [dbo].[localidad] ([codLocalidad], [nombreLocalidad], [codProvincia]) VALUES (774, N'ALTAMIRANO SUR', 7)
INSERT [dbo].[localidad] ([codLocalidad], [nombreLocalidad], [codProvincia]) VALUES (775, N'ANTELO', 7)
INSERT [dbo].[localidad] ([codLocalidad], [nombreLocalidad], [codProvincia]) VALUES (776, N'ANTONIO TOMÁS', 7)
INSERT [dbo].[localidad] ([codLocalidad], [nombreLocalidad], [codProvincia]) VALUES (777, N'ARANGUREN', 7)
INSERT [dbo].[localidad] ([codLocalidad], [nombreLocalidad], [codProvincia]) VALUES (778, N'ARROYO BARÚ', 7)
INSERT [dbo].[localidad] ([codLocalidad], [nombreLocalidad], [codProvincia]) VALUES (779, N'ARROYO BURGOS', 7)
INSERT [dbo].[localidad] ([codLocalidad], [nombreLocalidad], [codProvincia]) VALUES (780, N'ARROYO CLÉ', 7)
INSERT [dbo].[localidad] ([codLocalidad], [nombreLocalidad], [codProvincia]) VALUES (781, N'ARROYO CORRALITO', 7)
INSERT [dbo].[localidad] ([codLocalidad], [nombreLocalidad], [codProvincia]) VALUES (782, N'ARROYO DEL MEDIO', 7)
INSERT [dbo].[localidad] ([codLocalidad], [nombreLocalidad], [codProvincia]) VALUES (783, N'ARROYO MATURRANGO', 7)
INSERT [dbo].[localidad] ([codLocalidad], [nombreLocalidad], [codProvincia]) VALUES (784, N'ARROYO PALO SECO', 7)
INSERT [dbo].[localidad] ([codLocalidad], [nombreLocalidad], [codProvincia]) VALUES (785, N'BANDERAS', 7)
INSERT [dbo].[localidad] ([codLocalidad], [nombreLocalidad], [codProvincia]) VALUES (786, N'BASAVILBASO', 7)
INSERT [dbo].[localidad] ([codLocalidad], [nombreLocalidad], [codProvincia]) VALUES (787, N'BETBEDER', 7)
INSERT [dbo].[localidad] ([codLocalidad], [nombreLocalidad], [codProvincia]) VALUES (788, N'BOVRIL', 7)
INSERT [dbo].[localidad] ([codLocalidad], [nombreLocalidad], [codProvincia]) VALUES (789, N'CASEROS', 7)
INSERT [dbo].[localidad] ([codLocalidad], [nombreLocalidad], [codProvincia]) VALUES (790, N'CEIBAS', 7)
INSERT [dbo].[localidad] ([codLocalidad], [nombreLocalidad], [codProvincia]) VALUES (791, N'CERRITO', 7)
INSERT [dbo].[localidad] ([codLocalidad], [nombreLocalidad], [codProvincia]) VALUES (792, N'CHAJARÍ', 7)
INSERT [dbo].[localidad] ([codLocalidad], [nombreLocalidad], [codProvincia]) VALUES (793, N'CHILCAS', 7)
INSERT [dbo].[localidad] ([codLocalidad], [nombreLocalidad], [codProvincia]) VALUES (794, N'CLODOMIRO LEDESMA', 7)
INSERT [dbo].[localidad] ([codLocalidad], [nombreLocalidad], [codProvincia]) VALUES (795, N'COLONIA ALEMANA', 7)
INSERT [dbo].[localidad] ([codLocalidad], [nombreLocalidad], [codProvincia]) VALUES (796, N'COLONIA AVELLANEDA', 7)
INSERT [dbo].[localidad] ([codLocalidad], [nombreLocalidad], [codProvincia]) VALUES (797, N'COLONIA AVIGDOR', 7)
INSERT [dbo].[localidad] ([codLocalidad], [nombreLocalidad], [codProvincia]) VALUES (798, N'COLONIA AYUÍ', 7)
INSERT [dbo].[localidad] ([codLocalidad], [nombreLocalidad], [codProvincia]) VALUES (799, N'COLONIA BAYLINA', 7)
GO
INSERT [dbo].[localidad] ([codLocalidad], [nombreLocalidad], [codProvincia]) VALUES (800, N'COLONIA CARRASCO', 7)
INSERT [dbo].[localidad] ([codLocalidad], [nombreLocalidad], [codProvincia]) VALUES (801, N'COLONIA CELINA', 7)
INSERT [dbo].[localidad] ([codLocalidad], [nombreLocalidad], [codProvincia]) VALUES (802, N'COLONIA CERRITO', 7)
INSERT [dbo].[localidad] ([codLocalidad], [nombreLocalidad], [codProvincia]) VALUES (803, N'COLONIA CRESPO', 7)
INSERT [dbo].[localidad] ([codLocalidad], [nombreLocalidad], [codProvincia]) VALUES (804, N'COLONIA ELIA', 7)
INSERT [dbo].[localidad] ([codLocalidad], [nombreLocalidad], [codProvincia]) VALUES (805, N'COLONIA ENSAYO', 7)
INSERT [dbo].[localidad] ([codLocalidad], [nombreLocalidad], [codProvincia]) VALUES (806, N'COLONIA GENERAL ROCA', 7)
INSERT [dbo].[localidad] ([codLocalidad], [nombreLocalidad], [codProvincia]) VALUES (807, N'COLONIA LA ARGENTINA', 7)
INSERT [dbo].[localidad] ([codLocalidad], [nombreLocalidad], [codProvincia]) VALUES (808, N'COLONIA MEROU', 7)
INSERT [dbo].[localidad] ([codLocalidad], [nombreLocalidad], [codProvincia]) VALUES (809, N'COLONIA OFICIAL Nª3', 7)
INSERT [dbo].[localidad] ([codLocalidad], [nombreLocalidad], [codProvincia]) VALUES (810, N'COLONIA OFICIAL Nº13', 7)
INSERT [dbo].[localidad] ([codLocalidad], [nombreLocalidad], [codProvincia]) VALUES (811, N'COLONIA OFICIAL Nº14', 7)
INSERT [dbo].[localidad] ([codLocalidad], [nombreLocalidad], [codProvincia]) VALUES (812, N'COLONIA OFICIAL Nº5', 7)
INSERT [dbo].[localidad] ([codLocalidad], [nombreLocalidad], [codProvincia]) VALUES (813, N'COLONIA REFFINO', 7)
INSERT [dbo].[localidad] ([codLocalidad], [nombreLocalidad], [codProvincia]) VALUES (814, N'COLONIA TUNAS', 7)
INSERT [dbo].[localidad] ([codLocalidad], [nombreLocalidad], [codProvincia]) VALUES (815, N'COLONIA VIRARÓ', 7)
INSERT [dbo].[localidad] ([codLocalidad], [nombreLocalidad], [codProvincia]) VALUES (816, N'COLÓN', 7)
INSERT [dbo].[localidad] ([codLocalidad], [nombreLocalidad], [codProvincia]) VALUES (817, N'CONCEPCIÓN DEL URUGUAY', 7)
INSERT [dbo].[localidad] ([codLocalidad], [nombreLocalidad], [codProvincia]) VALUES (818, N'CONCORDIA', 7)
INSERT [dbo].[localidad] ([codLocalidad], [nombreLocalidad], [codProvincia]) VALUES (819, N'CONSCRIPTO BERNARDI', 7)
INSERT [dbo].[localidad] ([codLocalidad], [nombreLocalidad], [codProvincia]) VALUES (820, N'COSTA GRANDE', 7)
INSERT [dbo].[localidad] ([codLocalidad], [nombreLocalidad], [codProvincia]) VALUES (821, N'COSTA SAN ANTONIO', 7)
INSERT [dbo].[localidad] ([codLocalidad], [nombreLocalidad], [codProvincia]) VALUES (822, N'COSTA URUGUAY N.', 7)
INSERT [dbo].[localidad] ([codLocalidad], [nombreLocalidad], [codProvincia]) VALUES (823, N'COSTA URUGUAY S.', 7)
INSERT [dbo].[localidad] ([codLocalidad], [nombreLocalidad], [codProvincia]) VALUES (824, N'CRESPO', 7)
INSERT [dbo].[localidad] ([codLocalidad], [nombreLocalidad], [codProvincia]) VALUES (825, N'CRUCECITAS 3ª', 7)
INSERT [dbo].[localidad] ([codLocalidad], [nombreLocalidad], [codProvincia]) VALUES (826, N'CRUCECITAS 7ª', 7)
INSERT [dbo].[localidad] ([codLocalidad], [nombreLocalidad], [codProvincia]) VALUES (827, N'CRUCECITAS 8ª', 7)
INSERT [dbo].[localidad] ([codLocalidad], [nombreLocalidad], [codProvincia]) VALUES (828, N'CUCHILLA REDONDA', 7)
INSERT [dbo].[localidad] ([codLocalidad], [nombreLocalidad], [codProvincia]) VALUES (829, N'CURTIEMBRE', 7)
INSERT [dbo].[localidad] ([codLocalidad], [nombreLocalidad], [codProvincia]) VALUES (830, N'DIAMANTE', 7)
INSERT [dbo].[localidad] ([codLocalidad], [nombreLocalidad], [codProvincia]) VALUES (831, N'DISTRITO 6º', 7)
INSERT [dbo].[localidad] ([codLocalidad], [nombreLocalidad], [codProvincia]) VALUES (832, N'DISTRITO CHAÑAR', 7)
INSERT [dbo].[localidad] ([codLocalidad], [nombreLocalidad], [codProvincia]) VALUES (833, N'DISTRITO CHIQUEROS', 7)
INSERT [dbo].[localidad] ([codLocalidad], [nombreLocalidad], [codProvincia]) VALUES (834, N'DISTRITO CUARTO', 7)
INSERT [dbo].[localidad] ([codLocalidad], [nombreLocalidad], [codProvincia]) VALUES (835, N'DISTRITO DIEGO LÓPEZ', 7)
INSERT [dbo].[localidad] ([codLocalidad], [nombreLocalidad], [codProvincia]) VALUES (836, N'DISTRITO PAJONAL', 7)
INSERT [dbo].[localidad] ([codLocalidad], [nombreLocalidad], [codProvincia]) VALUES (837, N'DISTRITO SAUCE', 7)
INSERT [dbo].[localidad] ([codLocalidad], [nombreLocalidad], [codProvincia]) VALUES (838, N'DISTRITO TALA', 7)
INSERT [dbo].[localidad] ([codLocalidad], [nombreLocalidad], [codProvincia]) VALUES (839, N'DISTRITO TALITAS', 7)
INSERT [dbo].[localidad] ([codLocalidad], [nombreLocalidad], [codProvincia]) VALUES (840, N'DON CRISTÓBAL 1ª SECCIÓN', 7)
INSERT [dbo].[localidad] ([codLocalidad], [nombreLocalidad], [codProvincia]) VALUES (841, N'DON CRISTÓBAL 2ª SECCIÓN', 7)
INSERT [dbo].[localidad] ([codLocalidad], [nombreLocalidad], [codProvincia]) VALUES (842, N'DURAZNO', 7)
INSERT [dbo].[localidad] ([codLocalidad], [nombreLocalidad], [codProvincia]) VALUES (843, N'EL CIMARRÓN', 7)
INSERT [dbo].[localidad] ([codLocalidad], [nombreLocalidad], [codProvincia]) VALUES (844, N'EL GRAMILLAL', 7)
INSERT [dbo].[localidad] ([codLocalidad], [nombreLocalidad], [codProvincia]) VALUES (845, N'EL PALENQUE', 7)
INSERT [dbo].[localidad] ([codLocalidad], [nombreLocalidad], [codProvincia]) VALUES (846, N'EL PINGO', 7)
INSERT [dbo].[localidad] ([codLocalidad], [nombreLocalidad], [codProvincia]) VALUES (847, N'EL QUEBRACHO', 7)
INSERT [dbo].[localidad] ([codLocalidad], [nombreLocalidad], [codProvincia]) VALUES (848, N'EL REDOMÓN', 7)
INSERT [dbo].[localidad] ([codLocalidad], [nombreLocalidad], [codProvincia]) VALUES (849, N'EL SOLAR', 7)
INSERT [dbo].[localidad] ([codLocalidad], [nombreLocalidad], [codProvincia]) VALUES (850, N'ENRIQUE CARBO', 7)
INSERT [dbo].[localidad] ([codLocalidad], [nombreLocalidad], [codProvincia]) VALUES (851, N'ESPINILLO N.', 7)
INSERT [dbo].[localidad] ([codLocalidad], [nombreLocalidad], [codProvincia]) VALUES (852, N'ESTACIÓN CAMPOS', 7)
INSERT [dbo].[localidad] ([codLocalidad], [nombreLocalidad], [codProvincia]) VALUES (853, N'ESTACIÓN ESCRIÑA', 7)
INSERT [dbo].[localidad] ([codLocalidad], [nombreLocalidad], [codProvincia]) VALUES (854, N'ESTACIÓN LAZO', 7)
INSERT [dbo].[localidad] ([codLocalidad], [nombreLocalidad], [codProvincia]) VALUES (855, N'ESTACIÓN RAÍCES', 7)
INSERT [dbo].[localidad] ([codLocalidad], [nombreLocalidad], [codProvincia]) VALUES (856, N'ESTACIÓN YERÚA', 7)
INSERT [dbo].[localidad] ([codLocalidad], [nombreLocalidad], [codProvincia]) VALUES (857, N'ESTANCIA GRANDE', 7)
INSERT [dbo].[localidad] ([codLocalidad], [nombreLocalidad], [codProvincia]) VALUES (858, N'ESTANCIA LÍBAROS', 7)
INSERT [dbo].[localidad] ([codLocalidad], [nombreLocalidad], [codProvincia]) VALUES (859, N'ESTANCIA RACEDO', 7)
INSERT [dbo].[localidad] ([codLocalidad], [nombreLocalidad], [codProvincia]) VALUES (860, N'ESTANCIA SOLÁ', 7)
INSERT [dbo].[localidad] ([codLocalidad], [nombreLocalidad], [codProvincia]) VALUES (861, N'ESTANCIA YUQUERÍ', 7)
INSERT [dbo].[localidad] ([codLocalidad], [nombreLocalidad], [codProvincia]) VALUES (862, N'ESTAQUITAS', 7)
INSERT [dbo].[localidad] ([codLocalidad], [nombreLocalidad], [codProvincia]) VALUES (863, N'FAUSTINO M. PARERA', 7)
INSERT [dbo].[localidad] ([codLocalidad], [nombreLocalidad], [codProvincia]) VALUES (864, N'FEBRE', 7)
INSERT [dbo].[localidad] ([codLocalidad], [nombreLocalidad], [codProvincia]) VALUES (865, N'FEDERACIÓN', 7)
INSERT [dbo].[localidad] ([codLocalidad], [nombreLocalidad], [codProvincia]) VALUES (866, N'FEDERAL', 7)
INSERT [dbo].[localidad] ([codLocalidad], [nombreLocalidad], [codProvincia]) VALUES (867, N'GOBERNADOR ECHAGÜE', 7)
INSERT [dbo].[localidad] ([codLocalidad], [nombreLocalidad], [codProvincia]) VALUES (868, N'MANSILLA', 7)
INSERT [dbo].[localidad] ([codLocalidad], [nombreLocalidad], [codProvincia]) VALUES (869, N'GILBERT', 7)
INSERT [dbo].[localidad] ([codLocalidad], [nombreLocalidad], [codProvincia]) VALUES (870, N'GONZÁLEZ CALDERÓN', 7)
INSERT [dbo].[localidad] ([codLocalidad], [nombreLocalidad], [codProvincia]) VALUES (871, N'GENERAL ALMADA', 7)
INSERT [dbo].[localidad] ([codLocalidad], [nombreLocalidad], [codProvincia]) VALUES (872, N'GENERAL ALVEAR', 7)
INSERT [dbo].[localidad] ([codLocalidad], [nombreLocalidad], [codProvincia]) VALUES (873, N'GENERAL CAMPOS', 7)
INSERT [dbo].[localidad] ([codLocalidad], [nombreLocalidad], [codProvincia]) VALUES (874, N'GENERAL GALARZA', 7)
INSERT [dbo].[localidad] ([codLocalidad], [nombreLocalidad], [codProvincia]) VALUES (875, N'GENERAL RAMÍREZ', 7)
INSERT [dbo].[localidad] ([codLocalidad], [nombreLocalidad], [codProvincia]) VALUES (876, N'GUALEGUAY', 7)
INSERT [dbo].[localidad] ([codLocalidad], [nombreLocalidad], [codProvincia]) VALUES (877, N'GUALEGUAYCHÚ', 7)
INSERT [dbo].[localidad] ([codLocalidad], [nombreLocalidad], [codProvincia]) VALUES (878, N'GUALEGUAYCITO', 7)
INSERT [dbo].[localidad] ([codLocalidad], [nombreLocalidad], [codProvincia]) VALUES (879, N'GUARDAMONTE', 7)
INSERT [dbo].[localidad] ([codLocalidad], [nombreLocalidad], [codProvincia]) VALUES (880, N'HAMBIS', 7)
INSERT [dbo].[localidad] ([codLocalidad], [nombreLocalidad], [codProvincia]) VALUES (881, N'HASENKAMP', 7)
INSERT [dbo].[localidad] ([codLocalidad], [nombreLocalidad], [codProvincia]) VALUES (882, N'HERNANDARIAS', 7)
INSERT [dbo].[localidad] ([codLocalidad], [nombreLocalidad], [codProvincia]) VALUES (883, N'HERNÁNDEZ', 7)
INSERT [dbo].[localidad] ([codLocalidad], [nombreLocalidad], [codProvincia]) VALUES (884, N'HERRERA', 7)
INSERT [dbo].[localidad] ([codLocalidad], [nombreLocalidad], [codProvincia]) VALUES (885, N'HINOJAL', 7)
INSERT [dbo].[localidad] ([codLocalidad], [nombreLocalidad], [codProvincia]) VALUES (886, N'HOCKER', 7)
INSERT [dbo].[localidad] ([codLocalidad], [nombreLocalidad], [codProvincia]) VALUES (887, N'INGENIERO SAJAROFF', 7)
INSERT [dbo].[localidad] ([codLocalidad], [nombreLocalidad], [codProvincia]) VALUES (888, N'IRAZUSTA', 7)
INSERT [dbo].[localidad] ([codLocalidad], [nombreLocalidad], [codProvincia]) VALUES (889, N'ISLETAS', 7)
INSERT [dbo].[localidad] ([codLocalidad], [nombreLocalidad], [codProvincia]) VALUES (890, N'JUAN JOSE DE URQUIZA', 7)
INSERT [dbo].[localidad] ([codLocalidad], [nombreLocalidad], [codProvincia]) VALUES (891, N'JUBILEO', 7)
INSERT [dbo].[localidad] ([codLocalidad], [nombreLocalidad], [codProvincia]) VALUES (892, N'LA CLARITA', 7)
INSERT [dbo].[localidad] ([codLocalidad], [nombreLocalidad], [codProvincia]) VALUES (893, N'LA CRIOLLA', 7)
INSERT [dbo].[localidad] ([codLocalidad], [nombreLocalidad], [codProvincia]) VALUES (894, N'LA ESMERALDA', 7)
INSERT [dbo].[localidad] ([codLocalidad], [nombreLocalidad], [codProvincia]) VALUES (895, N'LA FLORIDA', 7)
INSERT [dbo].[localidad] ([codLocalidad], [nombreLocalidad], [codProvincia]) VALUES (896, N'LA FRATERNIDAD', 7)
INSERT [dbo].[localidad] ([codLocalidad], [nombreLocalidad], [codProvincia]) VALUES (897, N'LA HIERRA', 7)
INSERT [dbo].[localidad] ([codLocalidad], [nombreLocalidad], [codProvincia]) VALUES (898, N'LA OLLITA', 7)
INSERT [dbo].[localidad] ([codLocalidad], [nombreLocalidad], [codProvincia]) VALUES (899, N'LA PAZ', 7)
GO
INSERT [dbo].[localidad] ([codLocalidad], [nombreLocalidad], [codProvincia]) VALUES (900, N'LA PICADA', 7)
INSERT [dbo].[localidad] ([codLocalidad], [nombreLocalidad], [codProvincia]) VALUES (901, N'LA PROVIDENCIA', 7)
INSERT [dbo].[localidad] ([codLocalidad], [nombreLocalidad], [codProvincia]) VALUES (902, N'LA VERBENA', 7)
INSERT [dbo].[localidad] ([codLocalidad], [nombreLocalidad], [codProvincia]) VALUES (903, N'LAGUNA BENÍTEZ', 7)
INSERT [dbo].[localidad] ([codLocalidad], [nombreLocalidad], [codProvincia]) VALUES (904, N'LARROQUE', 7)
INSERT [dbo].[localidad] ([codLocalidad], [nombreLocalidad], [codProvincia]) VALUES (905, N'LAS CUEVAS', 7)
INSERT [dbo].[localidad] ([codLocalidad], [nombreLocalidad], [codProvincia]) VALUES (906, N'LAS GARZAS', 7)
INSERT [dbo].[localidad] ([codLocalidad], [nombreLocalidad], [codProvincia]) VALUES (907, N'LAS GUACHAS', 7)
INSERT [dbo].[localidad] ([codLocalidad], [nombreLocalidad], [codProvincia]) VALUES (908, N'LAS MERCEDES', 7)
INSERT [dbo].[localidad] ([codLocalidad], [nombreLocalidad], [codProvincia]) VALUES (909, N'LAS MOSCAS', 7)
INSERT [dbo].[localidad] ([codLocalidad], [nombreLocalidad], [codProvincia]) VALUES (910, N'LAS MULITAS', 7)
INSERT [dbo].[localidad] ([codLocalidad], [nombreLocalidad], [codProvincia]) VALUES (911, N'LAS TOSCAS', 7)
INSERT [dbo].[localidad] ([codLocalidad], [nombreLocalidad], [codProvincia]) VALUES (912, N'LAURENCENA', 7)
INSERT [dbo].[localidad] ([codLocalidad], [nombreLocalidad], [codProvincia]) VALUES (913, N'LIBERTADOR SAN MARTÍN', 7)
INSERT [dbo].[localidad] ([codLocalidad], [nombreLocalidad], [codProvincia]) VALUES (914, N'LOMA LIMPIA', 7)
INSERT [dbo].[localidad] ([codLocalidad], [nombreLocalidad], [codProvincia]) VALUES (915, N'LOS CEIBOS', 7)
INSERT [dbo].[localidad] ([codLocalidad], [nombreLocalidad], [codProvincia]) VALUES (916, N'LOS CHARRUAS', 7)
INSERT [dbo].[localidad] ([codLocalidad], [nombreLocalidad], [codProvincia]) VALUES (917, N'LOS CONQUISTADORES', 7)
INSERT [dbo].[localidad] ([codLocalidad], [nombreLocalidad], [codProvincia]) VALUES (918, N'LUCAS GONZÁLEZ', 7)
INSERT [dbo].[localidad] ([codLocalidad], [nombreLocalidad], [codProvincia]) VALUES (919, N'LUCAS N.', 7)
INSERT [dbo].[localidad] ([codLocalidad], [nombreLocalidad], [codProvincia]) VALUES (920, N'LUCAS S. 1ª', 7)
INSERT [dbo].[localidad] ([codLocalidad], [nombreLocalidad], [codProvincia]) VALUES (921, N'LUCAS S. 2ª', 7)
INSERT [dbo].[localidad] ([codLocalidad], [nombreLocalidad], [codProvincia]) VALUES (922, N'MACIÁ', 7)
INSERT [dbo].[localidad] ([codLocalidad], [nombreLocalidad], [codProvincia]) VALUES (923, N'MARÍA GRANDE', 7)
INSERT [dbo].[localidad] ([codLocalidad], [nombreLocalidad], [codProvincia]) VALUES (924, N'MARÍA GRANDE 2ª', 7)
INSERT [dbo].[localidad] ([codLocalidad], [nombreLocalidad], [codProvincia]) VALUES (925, N'MÉDANOS', 7)
INSERT [dbo].[localidad] ([codLocalidad], [nombreLocalidad], [codProvincia]) VALUES (926, N'MOJONES N.', 7)
INSERT [dbo].[localidad] ([codLocalidad], [nombreLocalidad], [codProvincia]) VALUES (927, N'MOJONES S.', 7)
INSERT [dbo].[localidad] ([codLocalidad], [nombreLocalidad], [codProvincia]) VALUES (928, N'MOLINO DOLL', 7)
INSERT [dbo].[localidad] ([codLocalidad], [nombreLocalidad], [codProvincia]) VALUES (929, N'MONTE REDONDO', 7)
INSERT [dbo].[localidad] ([codLocalidad], [nombreLocalidad], [codProvincia]) VALUES (930, N'MONTOYA', 7)
INSERT [dbo].[localidad] ([codLocalidad], [nombreLocalidad], [codProvincia]) VALUES (931, N'MULAS GRANDES', 7)
INSERT [dbo].[localidad] ([codLocalidad], [nombreLocalidad], [codProvincia]) VALUES (932, N'ÑANCAY', 7)
INSERT [dbo].[localidad] ([codLocalidad], [nombreLocalidad], [codProvincia]) VALUES (933, N'NOGOYÁ', 7)
INSERT [dbo].[localidad] ([codLocalidad], [nombreLocalidad], [codProvincia]) VALUES (934, N'NUEVA ESCOCIA', 7)
INSERT [dbo].[localidad] ([codLocalidad], [nombreLocalidad], [codProvincia]) VALUES (935, N'NUEVA VIZCAYA', 7)
INSERT [dbo].[localidad] ([codLocalidad], [nombreLocalidad], [codProvincia]) VALUES (936, N'OMBÚ', 7)
INSERT [dbo].[localidad] ([codLocalidad], [nombreLocalidad], [codProvincia]) VALUES (937, N'ORO VERDE', 7)
INSERT [dbo].[localidad] ([codLocalidad], [nombreLocalidad], [codProvincia]) VALUES (938, N'PARANÁ', 7)
INSERT [dbo].[localidad] ([codLocalidad], [nombreLocalidad], [codProvincia]) VALUES (939, N'PASAJE GUAYAQUIL', 7)
INSERT [dbo].[localidad] ([codLocalidad], [nombreLocalidad], [codProvincia]) VALUES (940, N'PASAJE LAS TUNAS', 7)
INSERT [dbo].[localidad] ([codLocalidad], [nombreLocalidad], [codProvincia]) VALUES (941, N'PASO DE LA ARENA', 7)
INSERT [dbo].[localidad] ([codLocalidad], [nombreLocalidad], [codProvincia]) VALUES (942, N'PASO DE LA LAGUNA', 7)
INSERT [dbo].[localidad] ([codLocalidad], [nombreLocalidad], [codProvincia]) VALUES (943, N'PASO DE LAS PIEDRAS', 7)
INSERT [dbo].[localidad] ([codLocalidad], [nombreLocalidad], [codProvincia]) VALUES (944, N'PASO DUARTE', 7)
INSERT [dbo].[localidad] ([codLocalidad], [nombreLocalidad], [codProvincia]) VALUES (945, N'PASTOR BRITOS', 7)
INSERT [dbo].[localidad] ([codLocalidad], [nombreLocalidad], [codProvincia]) VALUES (946, N'PEDERNAL', 7)
INSERT [dbo].[localidad] ([codLocalidad], [nombreLocalidad], [codProvincia]) VALUES (947, N'PERDICES', 7)
INSERT [dbo].[localidad] ([codLocalidad], [nombreLocalidad], [codProvincia]) VALUES (948, N'PICADA BERÓN', 7)
INSERT [dbo].[localidad] ([codLocalidad], [nombreLocalidad], [codProvincia]) VALUES (949, N'PIEDRAS BLANCAS', 7)
INSERT [dbo].[localidad] ([codLocalidad], [nombreLocalidad], [codProvincia]) VALUES (950, N'PRIMER DISTRITO CUCHILLA', 7)
INSERT [dbo].[localidad] ([codLocalidad], [nombreLocalidad], [codProvincia]) VALUES (951, N'PRIMERO DE MAYO', 7)
INSERT [dbo].[localidad] ([codLocalidad], [nombreLocalidad], [codProvincia]) VALUES (952, N'PRONUNCIAMIENTO', 7)
INSERT [dbo].[localidad] ([codLocalidad], [nombreLocalidad], [codProvincia]) VALUES (953, N'PUERTO ALGARROBO', 7)
INSERT [dbo].[localidad] ([codLocalidad], [nombreLocalidad], [codProvincia]) VALUES (954, N'PUERTO IBICUY', 7)
INSERT [dbo].[localidad] ([codLocalidad], [nombreLocalidad], [codProvincia]) VALUES (955, N'PUEBLO BRUGO', 7)
INSERT [dbo].[localidad] ([codLocalidad], [nombreLocalidad], [codProvincia]) VALUES (956, N'PUEBLO CAZES', 7)
INSERT [dbo].[localidad] ([codLocalidad], [nombreLocalidad], [codProvincia]) VALUES (957, N'PUEBLO GENERAL BELGRANO', 7)
INSERT [dbo].[localidad] ([codLocalidad], [nombreLocalidad], [codProvincia]) VALUES (958, N'PUEBLO LIEBIG', 7)
INSERT [dbo].[localidad] ([codLocalidad], [nombreLocalidad], [codProvincia]) VALUES (959, N'PUERTO YERUÁ', 7)
INSERT [dbo].[localidad] ([codLocalidad], [nombreLocalidad], [codProvincia]) VALUES (960, N'PUNTA DEL MONTE', 7)
INSERT [dbo].[localidad] ([codLocalidad], [nombreLocalidad], [codProvincia]) VALUES (961, N'QUEBRACHO', 7)
INSERT [dbo].[localidad] ([codLocalidad], [nombreLocalidad], [codProvincia]) VALUES (962, N'QUINTO DISTRITO', 7)
INSERT [dbo].[localidad] ([codLocalidad], [nombreLocalidad], [codProvincia]) VALUES (963, N'RAICES OESTE', 7)
INSERT [dbo].[localidad] ([codLocalidad], [nombreLocalidad], [codProvincia]) VALUES (964, N'RINCÓN DE NOGOYÁ', 7)
INSERT [dbo].[localidad] ([codLocalidad], [nombreLocalidad], [codProvincia]) VALUES (965, N'RINCÓN DEL CINTO', 7)
INSERT [dbo].[localidad] ([codLocalidad], [nombreLocalidad], [codProvincia]) VALUES (966, N'RINCÓN DEL DOLL', 7)
INSERT [dbo].[localidad] ([codLocalidad], [nombreLocalidad], [codProvincia]) VALUES (967, N'RINCÓN DEL GATO', 7)
INSERT [dbo].[localidad] ([codLocalidad], [nombreLocalidad], [codProvincia]) VALUES (968, N'ROCAMORA', 7)
INSERT [dbo].[localidad] ([codLocalidad], [nombreLocalidad], [codProvincia]) VALUES (969, N'ROSARIO DEL TALA', 7)
INSERT [dbo].[localidad] ([codLocalidad], [nombreLocalidad], [codProvincia]) VALUES (970, N'SAN BENITO', 7)
INSERT [dbo].[localidad] ([codLocalidad], [nombreLocalidad], [codProvincia]) VALUES (971, N'SAN CIPRIANO', 7)
INSERT [dbo].[localidad] ([codLocalidad], [nombreLocalidad], [codProvincia]) VALUES (972, N'SAN ERNESTO', 7)
INSERT [dbo].[localidad] ([codLocalidad], [nombreLocalidad], [codProvincia]) VALUES (973, N'SAN GUSTAVO', 7)
INSERT [dbo].[localidad] ([codLocalidad], [nombreLocalidad], [codProvincia]) VALUES (974, N'SAN JAIME', 7)
INSERT [dbo].[localidad] ([codLocalidad], [nombreLocalidad], [codProvincia]) VALUES (975, N'SAN JOSÉ', 7)
INSERT [dbo].[localidad] ([codLocalidad], [nombreLocalidad], [codProvincia]) VALUES (976, N'SAN JOSÉ DE FELICIANO', 7)
INSERT [dbo].[localidad] ([codLocalidad], [nombreLocalidad], [codProvincia]) VALUES (977, N'SAN JUSTO', 7)
INSERT [dbo].[localidad] ([codLocalidad], [nombreLocalidad], [codProvincia]) VALUES (978, N'SAN MARCIAL', 7)
INSERT [dbo].[localidad] ([codLocalidad], [nombreLocalidad], [codProvincia]) VALUES (979, N'SAN PEDRO', 7)
INSERT [dbo].[localidad] ([codLocalidad], [nombreLocalidad], [codProvincia]) VALUES (980, N'SAN RAMÍREZ', 7)
INSERT [dbo].[localidad] ([codLocalidad], [nombreLocalidad], [codProvincia]) VALUES (981, N'SAN RAMÓN', 7)
INSERT [dbo].[localidad] ([codLocalidad], [nombreLocalidad], [codProvincia]) VALUES (982, N'SAN ROQUE', 7)
INSERT [dbo].[localidad] ([codLocalidad], [nombreLocalidad], [codProvincia]) VALUES (983, N'SAN SALVADOR', 7)
INSERT [dbo].[localidad] ([codLocalidad], [nombreLocalidad], [codProvincia]) VALUES (984, N'SAN VÍCTOR', 7)
INSERT [dbo].[localidad] ([codLocalidad], [nombreLocalidad], [codProvincia]) VALUES (985, N'SANTA ANA', 7)
INSERT [dbo].[localidad] ([codLocalidad], [nombreLocalidad], [codProvincia]) VALUES (986, N'SANTA ANITA', 7)
INSERT [dbo].[localidad] ([codLocalidad], [nombreLocalidad], [codProvincia]) VALUES (987, N'SANTA ELENA', 7)
INSERT [dbo].[localidad] ([codLocalidad], [nombreLocalidad], [codProvincia]) VALUES (988, N'SANTA LUCÍA', 7)
INSERT [dbo].[localidad] ([codLocalidad], [nombreLocalidad], [codProvincia]) VALUES (989, N'SANTA LUISA', 7)
INSERT [dbo].[localidad] ([codLocalidad], [nombreLocalidad], [codProvincia]) VALUES (990, N'SAUCE DE LUNA', 7)
INSERT [dbo].[localidad] ([codLocalidad], [nombreLocalidad], [codProvincia]) VALUES (991, N'SAUCE MONTRULL', 7)
INSERT [dbo].[localidad] ([codLocalidad], [nombreLocalidad], [codProvincia]) VALUES (992, N'SAUCE PINTO', 7)
INSERT [dbo].[localidad] ([codLocalidad], [nombreLocalidad], [codProvincia]) VALUES (993, N'SAUCE SUR', 7)
INSERT [dbo].[localidad] ([codLocalidad], [nombreLocalidad], [codProvincia]) VALUES (994, N'SEGUÍ', 7)
INSERT [dbo].[localidad] ([codLocalidad], [nombreLocalidad], [codProvincia]) VALUES (995, N'SIR LEONARD', 7)
INSERT [dbo].[localidad] ([codLocalidad], [nombreLocalidad], [codProvincia]) VALUES (996, N'SOSA', 7)
INSERT [dbo].[localidad] ([codLocalidad], [nombreLocalidad], [codProvincia]) VALUES (997, N'TABOSSI', 7)
INSERT [dbo].[localidad] ([codLocalidad], [nombreLocalidad], [codProvincia]) VALUES (998, N'TEZANOS PINTO', 7)
INSERT [dbo].[localidad] ([codLocalidad], [nombreLocalidad], [codProvincia]) VALUES (999, N'UBAJAY', 7)
GO
INSERT [dbo].[localidad] ([codLocalidad], [nombreLocalidad], [codProvincia]) VALUES (1000, N'URDINARRAIN', 7)
INSERT [dbo].[localidad] ([codLocalidad], [nombreLocalidad], [codProvincia]) VALUES (1001, N'VEINTE DE SEPTIEMBRE', 7)
INSERT [dbo].[localidad] ([codLocalidad], [nombreLocalidad], [codProvincia]) VALUES (1002, N'VIALE', 7)
INSERT [dbo].[localidad] ([codLocalidad], [nombreLocalidad], [codProvincia]) VALUES (1003, N'VICTORIA', 7)
INSERT [dbo].[localidad] ([codLocalidad], [nombreLocalidad], [codProvincia]) VALUES (1004, N'VILLA CLARA', 7)
INSERT [dbo].[localidad] ([codLocalidad], [nombreLocalidad], [codProvincia]) VALUES (1005, N'VILLA DEL ROSARIO', 7)
INSERT [dbo].[localidad] ([codLocalidad], [nombreLocalidad], [codProvincia]) VALUES (1006, N'VILLA DOMÍNGUEZ', 7)
INSERT [dbo].[localidad] ([codLocalidad], [nombreLocalidad], [codProvincia]) VALUES (1007, N'VILLA ELISA', 7)
INSERT [dbo].[localidad] ([codLocalidad], [nombreLocalidad], [codProvincia]) VALUES (1008, N'VILLA FONTANA', 7)
INSERT [dbo].[localidad] ([codLocalidad], [nombreLocalidad], [codProvincia]) VALUES (1009, N'VILLA GOBERNADOR ETCHEVEHERE', 7)
INSERT [dbo].[localidad] ([codLocalidad], [nombreLocalidad], [codProvincia]) VALUES (1010, N'VILLA MANTERO', 7)
INSERT [dbo].[localidad] ([codLocalidad], [nombreLocalidad], [codProvincia]) VALUES (1011, N'VILLA PARANACITO', 7)
INSERT [dbo].[localidad] ([codLocalidad], [nombreLocalidad], [codProvincia]) VALUES (1012, N'VILLA URQUIZA', 7)
INSERT [dbo].[localidad] ([codLocalidad], [nombreLocalidad], [codProvincia]) VALUES (1013, N'VILLAGUAY', 7)
INSERT [dbo].[localidad] ([codLocalidad], [nombreLocalidad], [codProvincia]) VALUES (1014, N'WALTER MOSS', 7)
INSERT [dbo].[localidad] ([codLocalidad], [nombreLocalidad], [codProvincia]) VALUES (1015, N'YACARÉ', 7)
INSERT [dbo].[localidad] ([codLocalidad], [nombreLocalidad], [codProvincia]) VALUES (1016, N'YESO OESTE', 7)
INSERT [dbo].[localidad] ([codLocalidad], [nombreLocalidad], [codProvincia]) VALUES (1017, N'BANCO PAYAGUÁ', 8)
INSERT [dbo].[localidad] ([codLocalidad], [nombreLocalidad], [codProvincia]) VALUES (1018, N'BARTOLOMÉ DE LAS CASAS', 8)
INSERT [dbo].[localidad] ([codLocalidad], [nombreLocalidad], [codProvincia]) VALUES (1019, N'BUENA VISTA', 8)
INSERT [dbo].[localidad] ([codLocalidad], [nombreLocalidad], [codProvincia]) VALUES (1020, N'CLORINDA', 8)
INSERT [dbo].[localidad] ([codLocalidad], [nombreLocalidad], [codProvincia]) VALUES (1021, N'COLONIA PASTORIL', 8)
INSERT [dbo].[localidad] ([codLocalidad], [nombreLocalidad], [codProvincia]) VALUES (1022, N'COLONIA SARMIENTO', 8)
INSERT [dbo].[localidad] ([codLocalidad], [nombreLocalidad], [codProvincia]) VALUES (1023, N'COMANDANTE FONTANA', 8)
INSERT [dbo].[localidad] ([codLocalidad], [nombreLocalidad], [codProvincia]) VALUES (1024, N'EL COLORADO', 8)
INSERT [dbo].[localidad] ([codLocalidad], [nombreLocalidad], [codProvincia]) VALUES (1025, N'EL ESPINILLO', 8)
INSERT [dbo].[localidad] ([codLocalidad], [nombreLocalidad], [codProvincia]) VALUES (1026, N'EL POTRILLO', 8)
INSERT [dbo].[localidad] ([codLocalidad], [nombreLocalidad], [codProvincia]) VALUES (1027, N'EL RECREO', 8)
INSERT [dbo].[localidad] ([codLocalidad], [nombreLocalidad], [codProvincia]) VALUES (1028, N'ESTANISLAO DEL CAMPO', 8)
INSERT [dbo].[localidad] ([codLocalidad], [nombreLocalidad], [codProvincia]) VALUES (1029, N'FORMOSA', 8)
INSERT [dbo].[localidad] ([codLocalidad], [nombreLocalidad], [codProvincia]) VALUES (1030, N'FORTÍN LEYES', 8)
INSERT [dbo].[localidad] ([codLocalidad], [nombreLocalidad], [codProvincia]) VALUES (1031, N'FORTÍN LUGONES', 8)
INSERT [dbo].[localidad] ([codLocalidad], [nombreLocalidad], [codProvincia]) VALUES (1032, N'GENERAL LUCIO V. MANSILLA', 8)
INSERT [dbo].[localidad] ([codLocalidad], [nombreLocalidad], [codProvincia]) VALUES (1033, N'GENERAL MANUEL BELGRANO', 8)
INSERT [dbo].[localidad] ([codLocalidad], [nombreLocalidad], [codProvincia]) VALUES (1034, N'GENERAL MOSCONI', 8)
INSERT [dbo].[localidad] ([codLocalidad], [nombreLocalidad], [codProvincia]) VALUES (1035, N'GRAN GUARDIA', 8)
INSERT [dbo].[localidad] ([codLocalidad], [nombreLocalidad], [codProvincia]) VALUES (1036, N'HERRADURA', 8)
INSERT [dbo].[localidad] ([codLocalidad], [nombreLocalidad], [codProvincia]) VALUES (1037, N'IBARRETA', 8)
INSERT [dbo].[localidad] ([codLocalidad], [nombreLocalidad], [codProvincia]) VALUES (1038, N'INGENIERO JUÁREZ', 8)
INSERT [dbo].[localidad] ([codLocalidad], [nombreLocalidad], [codProvincia]) VALUES (1039, N'JUAN GREGORIO BAZÁN', 8)
INSERT [dbo].[localidad] ([codLocalidad], [nombreLocalidad], [codProvincia]) VALUES (1040, N'LAGUNA BLANCA', 8)
INSERT [dbo].[localidad] ([codLocalidad], [nombreLocalidad], [codProvincia]) VALUES (1041, N'LAGUNA NAICK NECK', 8)
INSERT [dbo].[localidad] ([codLocalidad], [nombreLocalidad], [codProvincia]) VALUES (1042, N'LAGUNA YEMA', 8)
INSERT [dbo].[localidad] ([codLocalidad], [nombreLocalidad], [codProvincia]) VALUES (1043, N'LAS LOMITAS', 8)
INSERT [dbo].[localidad] ([codLocalidad], [nombreLocalidad], [codProvincia]) VALUES (1044, N'LOS CHIRIGUANOS', 8)
INSERT [dbo].[localidad] ([codLocalidad], [nombreLocalidad], [codProvincia]) VALUES (1045, N'MARIANO BOEDO', 8)
INSERT [dbo].[localidad] ([codLocalidad], [nombreLocalidad], [codProvincia]) VALUES (1046, N'MAYOR VICENTE VILLAFAÑE', 8)
INSERT [dbo].[localidad] ([codLocalidad], [nombreLocalidad], [codProvincia]) VALUES (1047, N'MISIÓN TACAAGLÉ', 8)
INSERT [dbo].[localidad] ([codLocalidad], [nombreLocalidad], [codProvincia]) VALUES (1048, N'MOJÓN DE FIERRO', 8)
INSERT [dbo].[localidad] ([codLocalidad], [nombreLocalidad], [codProvincia]) VALUES (1049, N'PALMA SOLA', 8)
INSERT [dbo].[localidad] ([codLocalidad], [nombreLocalidad], [codProvincia]) VALUES (1050, N'PALO SANTO', 8)
INSERT [dbo].[localidad] ([codLocalidad], [nombreLocalidad], [codProvincia]) VALUES (1051, N'PIRANÉ', 8)
INSERT [dbo].[localidad] ([codLocalidad], [nombreLocalidad], [codProvincia]) VALUES (1052, N'PORTÓN NEGRO', 8)
INSERT [dbo].[localidad] ([codLocalidad], [nombreLocalidad], [codProvincia]) VALUES (1053, N'POSTA CAMBIO ZALAZAR', 8)
INSERT [dbo].[localidad] ([codLocalidad], [nombreLocalidad], [codProvincia]) VALUES (1054, N'POZO DE MAZA', 8)
INSERT [dbo].[localidad] ([codLocalidad], [nombreLocalidad], [codProvincia]) VALUES (1055, N'POZO DEL MORTERO', 8)
INSERT [dbo].[localidad] ([codLocalidad], [nombreLocalidad], [codProvincia]) VALUES (1056, N'POZO DEL TIGRE', 8)
INSERT [dbo].[localidad] ([codLocalidad], [nombreLocalidad], [codProvincia]) VALUES (1057, N'PUERTO PILCOMAYO', 8)
INSERT [dbo].[localidad] ([codLocalidad], [nombreLocalidad], [codProvincia]) VALUES (1058, N'RIACHO HE-HÉ', 8)
INSERT [dbo].[localidad] ([codLocalidad], [nombreLocalidad], [codProvincia]) VALUES (1059, N'RIACHO NEGRO', 8)
INSERT [dbo].[localidad] ([codLocalidad], [nombreLocalidad], [codProvincia]) VALUES (1060, N'SAN FRANCISCO DE LAISHI', 8)
INSERT [dbo].[localidad] ([codLocalidad], [nombreLocalidad], [codProvincia]) VALUES (1061, N'SAN HILARIO', 8)
INSERT [dbo].[localidad] ([codLocalidad], [nombreLocalidad], [codProvincia]) VALUES (1062, N'SAN MARTÍN 1', 8)
INSERT [dbo].[localidad] ([codLocalidad], [nombreLocalidad], [codProvincia]) VALUES (1063, N'SAN MARTÍN 2', 8)
INSERT [dbo].[localidad] ([codLocalidad], [nombreLocalidad], [codProvincia]) VALUES (1064, N'SIETE PALMAS', 8)
INSERT [dbo].[localidad] ([codLocalidad], [nombreLocalidad], [codProvincia]) VALUES (1065, N'SUBTENIENTE PERÍN', 8)
INSERT [dbo].[localidad] ([codLocalidad], [nombreLocalidad], [codProvincia]) VALUES (1066, N'TATANÉ', 8)
INSERT [dbo].[localidad] ([codLocalidad], [nombreLocalidad], [codProvincia]) VALUES (1067, N'TRES LAGUNAS', 8)
INSERT [dbo].[localidad] ([codLocalidad], [nombreLocalidad], [codProvincia]) VALUES (1068, N'VILLA DEL CARMEN', 8)
INSERT [dbo].[localidad] ([codLocalidad], [nombreLocalidad], [codProvincia]) VALUES (1069, N'VILLA DOS TRECE', 8)
INSERT [dbo].[localidad] ([codLocalidad], [nombreLocalidad], [codProvincia]) VALUES (1070, N'VILLA ESCOLAR', 8)
INSERT [dbo].[localidad] ([codLocalidad], [nombreLocalidad], [codProvincia]) VALUES (1071, N'VILLA GENERAL GÜEMES', 8)
INSERT [dbo].[localidad] ([codLocalidad], [nombreLocalidad], [codProvincia]) VALUES (1072, N'VILLA TRINIDAD', 8)
INSERT [dbo].[localidad] ([codLocalidad], [nombreLocalidad], [codProvincia]) VALUES (1073, N'ABDON CASTRO TOLAY', 9)
INSERT [dbo].[localidad] ([codLocalidad], [nombreLocalidad], [codProvincia]) VALUES (1074, N'ABRA PAMPA', 9)
INSERT [dbo].[localidad] ([codLocalidad], [nombreLocalidad], [codProvincia]) VALUES (1075, N'ABRALAITE', 9)
INSERT [dbo].[localidad] ([codLocalidad], [nombreLocalidad], [codProvincia]) VALUES (1076, N'AGUAS CALIENTES', 9)
INSERT [dbo].[localidad] ([codLocalidad], [nombreLocalidad], [codProvincia]) VALUES (1077, N'ARRAYANAL', 9)
INSERT [dbo].[localidad] ([codLocalidad], [nombreLocalidad], [codProvincia]) VALUES (1078, N'BARRIOS', 9)
INSERT [dbo].[localidad] ([codLocalidad], [nombreLocalidad], [codProvincia]) VALUES (1079, N'CAIMANCITO', 9)
INSERT [dbo].[localidad] ([codLocalidad], [nombreLocalidad], [codProvincia]) VALUES (1080, N'CALILEGUA', 9)
INSERT [dbo].[localidad] ([codLocalidad], [nombreLocalidad], [codProvincia]) VALUES (1081, N'CANGREJILLOS', 9)
INSERT [dbo].[localidad] ([codLocalidad], [nombreLocalidad], [codProvincia]) VALUES (1082, N'CASPALA', 9)
INSERT [dbo].[localidad] ([codLocalidad], [nombreLocalidad], [codProvincia]) VALUES (1083, N'CATUÁ', 9)
INSERT [dbo].[localidad] ([codLocalidad], [nombreLocalidad], [codProvincia]) VALUES (1084, N'CIENEGUILLAS', 9)
INSERT [dbo].[localidad] ([codLocalidad], [nombreLocalidad], [codProvincia]) VALUES (1085, N'CORANZULLI', 9)
INSERT [dbo].[localidad] ([codLocalidad], [nombreLocalidad], [codProvincia]) VALUES (1086, N'CUSI-CUSI', 9)
INSERT [dbo].[localidad] ([codLocalidad], [nombreLocalidad], [codProvincia]) VALUES (1087, N'EL AGUILAR', 9)
INSERT [dbo].[localidad] ([codLocalidad], [nombreLocalidad], [codProvincia]) VALUES (1088, N'EL CARMEN', 9)
INSERT [dbo].[localidad] ([codLocalidad], [nombreLocalidad], [codProvincia]) VALUES (1089, N'EL CÓNDOR', 9)
INSERT [dbo].[localidad] ([codLocalidad], [nombreLocalidad], [codProvincia]) VALUES (1090, N'EL FUERTE', 9)
INSERT [dbo].[localidad] ([codLocalidad], [nombreLocalidad], [codProvincia]) VALUES (1091, N'EL PIQUETE', 9)
INSERT [dbo].[localidad] ([codLocalidad], [nombreLocalidad], [codProvincia]) VALUES (1092, N'EL TALAR', 9)
INSERT [dbo].[localidad] ([codLocalidad], [nombreLocalidad], [codProvincia]) VALUES (1093, N'FRAILE PINTADO', 9)
INSERT [dbo].[localidad] ([codLocalidad], [nombreLocalidad], [codProvincia]) VALUES (1094, N'HIPÓLITO YRIGOYEN', 9)
INSERT [dbo].[localidad] ([codLocalidad], [nombreLocalidad], [codProvincia]) VALUES (1095, N'HUACALERA', 9)
INSERT [dbo].[localidad] ([codLocalidad], [nombreLocalidad], [codProvincia]) VALUES (1096, N'HUMAHUACA', 9)
INSERT [dbo].[localidad] ([codLocalidad], [nombreLocalidad], [codProvincia]) VALUES (1097, N'LA ESPERANZA', 9)
INSERT [dbo].[localidad] ([codLocalidad], [nombreLocalidad], [codProvincia]) VALUES (1098, N'LA MENDIETA', 9)
INSERT [dbo].[localidad] ([codLocalidad], [nombreLocalidad], [codProvincia]) VALUES (1099, N'LA QUIACA', 9)
GO
INSERT [dbo].[localidad] ([codLocalidad], [nombreLocalidad], [codProvincia]) VALUES (1100, N'LEDESMA', 9)
INSERT [dbo].[localidad] ([codLocalidad], [nombreLocalidad], [codProvincia]) VALUES (1101, N'LIBERTADOR GENERAL SAN MARTIN', 9)
INSERT [dbo].[localidad] ([codLocalidad], [nombreLocalidad], [codProvincia]) VALUES (1102, N'MAIMARA', 9)
INSERT [dbo].[localidad] ([codLocalidad], [nombreLocalidad], [codProvincia]) VALUES (1103, N'MINA PIRQUITAS', 9)
INSERT [dbo].[localidad] ([codLocalidad], [nombreLocalidad], [codProvincia]) VALUES (1104, N'MONTERRICO', 9)
INSERT [dbo].[localidad] ([codLocalidad], [nombreLocalidad], [codProvincia]) VALUES (1105, N'PALMA SOLA', 9)
INSERT [dbo].[localidad] ([codLocalidad], [nombreLocalidad], [codProvincia]) VALUES (1106, N'PALPALÁ', 9)
INSERT [dbo].[localidad] ([codLocalidad], [nombreLocalidad], [codProvincia]) VALUES (1107, N'PAMPA BLANCA', 9)
INSERT [dbo].[localidad] ([codLocalidad], [nombreLocalidad], [codProvincia]) VALUES (1108, N'PAMPICHUELA', 9)
INSERT [dbo].[localidad] ([codLocalidad], [nombreLocalidad], [codProvincia]) VALUES (1109, N'PERICO', 9)
INSERT [dbo].[localidad] ([codLocalidad], [nombreLocalidad], [codProvincia]) VALUES (1110, N'PUESTO DEL MARQUÉS', 9)
INSERT [dbo].[localidad] ([codLocalidad], [nombreLocalidad], [codProvincia]) VALUES (1111, N'PUESTO VIEJO', 9)
INSERT [dbo].[localidad] ([codLocalidad], [nombreLocalidad], [codProvincia]) VALUES (1112, N'PUMAHUASI', 9)
INSERT [dbo].[localidad] ([codLocalidad], [nombreLocalidad], [codProvincia]) VALUES (1113, N'PURMAMARCA', 9)
INSERT [dbo].[localidad] ([codLocalidad], [nombreLocalidad], [codProvincia]) VALUES (1114, N'RINCONADA', 9)
INSERT [dbo].[localidad] ([codLocalidad], [nombreLocalidad], [codProvincia]) VALUES (1115, N'RODEITOS', 9)
INSERT [dbo].[localidad] ([codLocalidad], [nombreLocalidad], [codProvincia]) VALUES (1116, N'ROSARIO DE RÍO GRANDE', 9)
INSERT [dbo].[localidad] ([codLocalidad], [nombreLocalidad], [codProvincia]) VALUES (1117, N'SAN ANTONIO', 9)
INSERT [dbo].[localidad] ([codLocalidad], [nombreLocalidad], [codProvincia]) VALUES (1118, N'SAN FRANCISCO', 9)
INSERT [dbo].[localidad] ([codLocalidad], [nombreLocalidad], [codProvincia]) VALUES (1119, N'SAN PEDRO', 9)
INSERT [dbo].[localidad] ([codLocalidad], [nombreLocalidad], [codProvincia]) VALUES (1120, N'SAN RAFAEL', 9)
INSERT [dbo].[localidad] ([codLocalidad], [nombreLocalidad], [codProvincia]) VALUES (1121, N'SAN SALVADOR', 9)
INSERT [dbo].[localidad] ([codLocalidad], [nombreLocalidad], [codProvincia]) VALUES (1122, N'SANTA ANA', 9)
INSERT [dbo].[localidad] ([codLocalidad], [nombreLocalidad], [codProvincia]) VALUES (1123, N'SANTA CATALINA', 9)
INSERT [dbo].[localidad] ([codLocalidad], [nombreLocalidad], [codProvincia]) VALUES (1124, N'SANTA CLARA', 9)
INSERT [dbo].[localidad] ([codLocalidad], [nombreLocalidad], [codProvincia]) VALUES (1125, N'SUSQUES', 9)
INSERT [dbo].[localidad] ([codLocalidad], [nombreLocalidad], [codProvincia]) VALUES (1126, N'TILCARA', 9)
INSERT [dbo].[localidad] ([codLocalidad], [nombreLocalidad], [codProvincia]) VALUES (1127, N'TRES CRUCES', 9)
INSERT [dbo].[localidad] ([codLocalidad], [nombreLocalidad], [codProvincia]) VALUES (1128, N'TUMBAYA', 9)
INSERT [dbo].[localidad] ([codLocalidad], [nombreLocalidad], [codProvincia]) VALUES (1129, N'VALLE GRANDE', 9)
INSERT [dbo].[localidad] ([codLocalidad], [nombreLocalidad], [codProvincia]) VALUES (1130, N'VINALITO', 9)
INSERT [dbo].[localidad] ([codLocalidad], [nombreLocalidad], [codProvincia]) VALUES (1131, N'VOLCÁN', 9)
INSERT [dbo].[localidad] ([codLocalidad], [nombreLocalidad], [codProvincia]) VALUES (1132, N'YALA', 9)
INSERT [dbo].[localidad] ([codLocalidad], [nombreLocalidad], [codProvincia]) VALUES (1133, N'YAVÍ', 9)
INSERT [dbo].[localidad] ([codLocalidad], [nombreLocalidad], [codProvincia]) VALUES (1134, N'YUTO', 9)
INSERT [dbo].[localidad] ([codLocalidad], [nombreLocalidad], [codProvincia]) VALUES (1135, N'ABRAMO', 10)
INSERT [dbo].[localidad] ([codLocalidad], [nombreLocalidad], [codProvincia]) VALUES (1136, N'ADOLFO VAN PRAET', 10)
INSERT [dbo].[localidad] ([codLocalidad], [nombreLocalidad], [codProvincia]) VALUES (1137, N'AGUSTONI', 10)
INSERT [dbo].[localidad] ([codLocalidad], [nombreLocalidad], [codProvincia]) VALUES (1138, N'ALGARROBO DEL AGUILA', 10)
INSERT [dbo].[localidad] ([codLocalidad], [nombreLocalidad], [codProvincia]) VALUES (1139, N'ALPACHIRI', 10)
INSERT [dbo].[localidad] ([codLocalidad], [nombreLocalidad], [codProvincia]) VALUES (1140, N'ALTA ITALIA', 10)
INSERT [dbo].[localidad] ([codLocalidad], [nombreLocalidad], [codProvincia]) VALUES (1141, N'ANGUIL', 10)
INSERT [dbo].[localidad] ([codLocalidad], [nombreLocalidad], [codProvincia]) VALUES (1142, N'ARATA', 10)
INSERT [dbo].[localidad] ([codLocalidad], [nombreLocalidad], [codProvincia]) VALUES (1143, N'ATALIVA ROCA', 10)
INSERT [dbo].[localidad] ([codLocalidad], [nombreLocalidad], [codProvincia]) VALUES (1144, N'BERNARDO LARROUDE', 10)
INSERT [dbo].[localidad] ([codLocalidad], [nombreLocalidad], [codProvincia]) VALUES (1145, N'BERNASCONI', 10)
INSERT [dbo].[localidad] ([codLocalidad], [nombreLocalidad], [codProvincia]) VALUES (1146, N'CALEUFÚ', 10)
INSERT [dbo].[localidad] ([codLocalidad], [nombreLocalidad], [codProvincia]) VALUES (1147, N'CARRO QUEMADO', 10)
INSERT [dbo].[localidad] ([codLocalidad], [nombreLocalidad], [codProvincia]) VALUES (1148, N'CATRILÓ', 10)
INSERT [dbo].[localidad] ([codLocalidad], [nombreLocalidad], [codProvincia]) VALUES (1149, N'CEBALLOS', 10)
INSERT [dbo].[localidad] ([codLocalidad], [nombreLocalidad], [codProvincia]) VALUES (1150, N'CHACHARRAMENDI', 10)
INSERT [dbo].[localidad] ([codLocalidad], [nombreLocalidad], [codProvincia]) VALUES (1151, N'COLONIA BARÓN', 10)
INSERT [dbo].[localidad] ([codLocalidad], [nombreLocalidad], [codProvincia]) VALUES (1152, N'COLONIA SANTA MARÍA', 10)
INSERT [dbo].[localidad] ([codLocalidad], [nombreLocalidad], [codProvincia]) VALUES (1153, N'CORONEL HILARIO LAGOS', 10)
INSERT [dbo].[localidad] ([codLocalidad], [nombreLocalidad], [codProvincia]) VALUES (1154, N'CUCHILLO-CÓ', 10)
INSERT [dbo].[localidad] ([codLocalidad], [nombreLocalidad], [codProvincia]) VALUES (1155, N'DOBLAS', 10)
INSERT [dbo].[localidad] ([codLocalidad], [nombreLocalidad], [codProvincia]) VALUES (1156, N'DORILA', 10)
INSERT [dbo].[localidad] ([codLocalidad], [nombreLocalidad], [codProvincia]) VALUES (1157, N'EDUARDO CASTEX', 10)
INSERT [dbo].[localidad] ([codLocalidad], [nombreLocalidad], [codProvincia]) VALUES (1158, N'EMBAJADOR MARTINI', 10)
INSERT [dbo].[localidad] ([codLocalidad], [nombreLocalidad], [codProvincia]) VALUES (1159, N'FALUCHO', 10)
INSERT [dbo].[localidad] ([codLocalidad], [nombreLocalidad], [codProvincia]) VALUES (1160, N'GENERAL ACHA', 10)
INSERT [dbo].[localidad] ([codLocalidad], [nombreLocalidad], [codProvincia]) VALUES (1161, N'GENERAL MANUEL CAMPOS', 10)
INSERT [dbo].[localidad] ([codLocalidad], [nombreLocalidad], [codProvincia]) VALUES (1162, N'GENERAL PICO', 10)
INSERT [dbo].[localidad] ([codLocalidad], [nombreLocalidad], [codProvincia]) VALUES (1163, N'GUATRACHÉ', 10)
INSERT [dbo].[localidad] ([codLocalidad], [nombreLocalidad], [codProvincia]) VALUES (1164, N'INGENIERO LUIGGI', 10)
INSERT [dbo].[localidad] ([codLocalidad], [nombreLocalidad], [codProvincia]) VALUES (1165, N'INTENDENTE ALVEAR', 10)
INSERT [dbo].[localidad] ([codLocalidad], [nombreLocalidad], [codProvincia]) VALUES (1166, N'JACINTO ARAUZ', 10)
INSERT [dbo].[localidad] ([codLocalidad], [nombreLocalidad], [codProvincia]) VALUES (1167, N'LA ADELA', 10)
INSERT [dbo].[localidad] ([codLocalidad], [nombreLocalidad], [codProvincia]) VALUES (1168, N'LA HUMADA', 10)
INSERT [dbo].[localidad] ([codLocalidad], [nombreLocalidad], [codProvincia]) VALUES (1169, N'LA MARUJA', 10)
INSERT [dbo].[localidad] ([codLocalidad], [nombreLocalidad], [codProvincia]) VALUES (1170, N'LA REFORMA', 10)
INSERT [dbo].[localidad] ([codLocalidad], [nombreLocalidad], [codProvincia]) VALUES (1171, N'LIMAY MAHUIDA', 10)
INSERT [dbo].[localidad] ([codLocalidad], [nombreLocalidad], [codProvincia]) VALUES (1172, N'LONQUIMAY', 10)
INSERT [dbo].[localidad] ([codLocalidad], [nombreLocalidad], [codProvincia]) VALUES (1173, N'LOVENTUEL', 10)
INSERT [dbo].[localidad] ([codLocalidad], [nombreLocalidad], [codProvincia]) VALUES (1174, N'LUAN TORO', 10)
INSERT [dbo].[localidad] ([codLocalidad], [nombreLocalidad], [codProvincia]) VALUES (1175, N'MACACHÍN', 10)
INSERT [dbo].[localidad] ([codLocalidad], [nombreLocalidad], [codProvincia]) VALUES (1176, N'MAISONNAVE', 10)
INSERT [dbo].[localidad] ([codLocalidad], [nombreLocalidad], [codProvincia]) VALUES (1177, N'MAURICIO MAYER', 10)
INSERT [dbo].[localidad] ([codLocalidad], [nombreLocalidad], [codProvincia]) VALUES (1178, N'METILEO', 10)
INSERT [dbo].[localidad] ([codLocalidad], [nombreLocalidad], [codProvincia]) VALUES (1179, N'MIGUEL CANÉ', 10)
INSERT [dbo].[localidad] ([codLocalidad], [nombreLocalidad], [codProvincia]) VALUES (1180, N'MIGUEL RIGLOS', 10)
INSERT [dbo].[localidad] ([codLocalidad], [nombreLocalidad], [codProvincia]) VALUES (1181, N'MONTE NIEVAS', 10)
INSERT [dbo].[localidad] ([codLocalidad], [nombreLocalidad], [codProvincia]) VALUES (1182, N'PARERA', 10)
INSERT [dbo].[localidad] ([codLocalidad], [nombreLocalidad], [codProvincia]) VALUES (1183, N'PERÚ', 10)
INSERT [dbo].[localidad] ([codLocalidad], [nombreLocalidad], [codProvincia]) VALUES (1184, N'PICHI-HUINCA', 10)
INSERT [dbo].[localidad] ([codLocalidad], [nombreLocalidad], [codProvincia]) VALUES (1185, N'PUELCHES', 10)
INSERT [dbo].[localidad] ([codLocalidad], [nombreLocalidad], [codProvincia]) VALUES (1186, N'PUELÉN', 10)
INSERT [dbo].[localidad] ([codLocalidad], [nombreLocalidad], [codProvincia]) VALUES (1187, N'QUEHUE', 10)
INSERT [dbo].[localidad] ([codLocalidad], [nombreLocalidad], [codProvincia]) VALUES (1188, N'QUEMÚ QUEMÚ', 10)
INSERT [dbo].[localidad] ([codLocalidad], [nombreLocalidad], [codProvincia]) VALUES (1189, N'QUETREQUÉN', 10)
INSERT [dbo].[localidad] ([codLocalidad], [nombreLocalidad], [codProvincia]) VALUES (1190, N'RANCUL', 10)
INSERT [dbo].[localidad] ([codLocalidad], [nombreLocalidad], [codProvincia]) VALUES (1191, N'REALICÓ', 10)
INSERT [dbo].[localidad] ([codLocalidad], [nombreLocalidad], [codProvincia]) VALUES (1192, N'RELMO', 10)
INSERT [dbo].[localidad] ([codLocalidad], [nombreLocalidad], [codProvincia]) VALUES (1193, N'ROLÓN', 10)
INSERT [dbo].[localidad] ([codLocalidad], [nombreLocalidad], [codProvincia]) VALUES (1194, N'RUCANELO', 10)
INSERT [dbo].[localidad] ([codLocalidad], [nombreLocalidad], [codProvincia]) VALUES (1195, N'SARAH', 10)
INSERT [dbo].[localidad] ([codLocalidad], [nombreLocalidad], [codProvincia]) VALUES (1196, N'SPELUZZI', 10)
INSERT [dbo].[localidad] ([codLocalidad], [nombreLocalidad], [codProvincia]) VALUES (1197, N'SANTA ISABEL', 10)
INSERT [dbo].[localidad] ([codLocalidad], [nombreLocalidad], [codProvincia]) VALUES (1198, N'SANTA ROSA', 10)
INSERT [dbo].[localidad] ([codLocalidad], [nombreLocalidad], [codProvincia]) VALUES (1199, N'SANTA TERESA', 10)
GO
INSERT [dbo].[localidad] ([codLocalidad], [nombreLocalidad], [codProvincia]) VALUES (1200, N'TELÉN', 10)
INSERT [dbo].[localidad] ([codLocalidad], [nombreLocalidad], [codProvincia]) VALUES (1201, N'TOAY', 10)
INSERT [dbo].[localidad] ([codLocalidad], [nombreLocalidad], [codProvincia]) VALUES (1202, N'TOMAS M. DE ANCHORENA', 10)
INSERT [dbo].[localidad] ([codLocalidad], [nombreLocalidad], [codProvincia]) VALUES (1203, N'TRENEL', 10)
INSERT [dbo].[localidad] ([codLocalidad], [nombreLocalidad], [codProvincia]) VALUES (1204, N'UNANUE', 10)
INSERT [dbo].[localidad] ([codLocalidad], [nombreLocalidad], [codProvincia]) VALUES (1205, N'URIBURU', 10)
INSERT [dbo].[localidad] ([codLocalidad], [nombreLocalidad], [codProvincia]) VALUES (1206, N'VEINTICINCO DE MAYO', 10)
INSERT [dbo].[localidad] ([codLocalidad], [nombreLocalidad], [codProvincia]) VALUES (1207, N'VERTIZ', 10)
INSERT [dbo].[localidad] ([codLocalidad], [nombreLocalidad], [codProvincia]) VALUES (1208, N'VICTORICA', 10)
INSERT [dbo].[localidad] ([codLocalidad], [nombreLocalidad], [codProvincia]) VALUES (1209, N'VILLA MIRASOL', 10)
INSERT [dbo].[localidad] ([codLocalidad], [nombreLocalidad], [codProvincia]) VALUES (1210, N'WINIFREDA', 10)
INSERT [dbo].[localidad] ([codLocalidad], [nombreLocalidad], [codProvincia]) VALUES (1211, N'FAMATINA', 11)
INSERT [dbo].[localidad] ([codLocalidad], [nombreLocalidad], [codProvincia]) VALUES (1212, N'GUANDACOL', 11)
INSERT [dbo].[localidad] ([codLocalidad], [nombreLocalidad], [codProvincia]) VALUES (1213, N'CAPITAL (LA RIOJA)', 11)
INSERT [dbo].[localidad] ([codLocalidad], [nombreLocalidad], [codProvincia]) VALUES (1214, N'MALANZÁN', 11)
INSERT [dbo].[localidad] ([codLocalidad], [nombreLocalidad], [codProvincia]) VALUES (1215, N'OLTA', 11)
INSERT [dbo].[localidad] ([codLocalidad], [nombreLocalidad], [codProvincia]) VALUES (1216, N'PAGANCILLO', 11)
INSERT [dbo].[localidad] ([codLocalidad], [nombreLocalidad], [codProvincia]) VALUES (1217, N'PATQUIA', 11)
INSERT [dbo].[localidad] ([codLocalidad], [nombreLocalidad], [codProvincia]) VALUES (1218, N'SAN BLAS', 11)
INSERT [dbo].[localidad] ([codLocalidad], [nombreLocalidad], [codProvincia]) VALUES (1219, N'SAN BLAS DE LOS SAUCES', 11)
INSERT [dbo].[localidad] ([codLocalidad], [nombreLocalidad], [codProvincia]) VALUES (1220, N'SANAGASTA', 11)
INSERT [dbo].[localidad] ([codLocalidad], [nombreLocalidad], [codProvincia]) VALUES (1221, N'SANTA TERESITA', 11)
INSERT [dbo].[localidad] ([codLocalidad], [nombreLocalidad], [codProvincia]) VALUES (1222, N'TAMA', 11)
INSERT [dbo].[localidad] ([codLocalidad], [nombreLocalidad], [codProvincia]) VALUES (1223, N'ULAPES', 11)
INSERT [dbo].[localidad] ([codLocalidad], [nombreLocalidad], [codProvincia]) VALUES (1224, N'VILLA CASTELLI', 11)
INSERT [dbo].[localidad] ([codLocalidad], [nombreLocalidad], [codProvincia]) VALUES (1225, N'VILLA SAN JOSÉ DE VINCHINA', 11)
INSERT [dbo].[localidad] ([codLocalidad], [nombreLocalidad], [codProvincia]) VALUES (1226, N'VILLA SANTA RITA DE CATUNA', 11)
INSERT [dbo].[localidad] ([codLocalidad], [nombreLocalidad], [codProvincia]) VALUES (1227, N'VILLA UNION', 11)
INSERT [dbo].[localidad] ([codLocalidad], [nombreLocalidad], [codProvincia]) VALUES (1228, N'VINCHINA', 11)
INSERT [dbo].[localidad] ([codLocalidad], [nombreLocalidad], [codProvincia]) VALUES (1229, N'CAÑON DEL ATUEL', 12)
INSERT [dbo].[localidad] ([codLocalidad], [nombreLocalidad], [codProvincia]) VALUES (1230, N'CHACRAS DE CORIA', 12)
INSERT [dbo].[localidad] ([codLocalidad], [nombreLocalidad], [codProvincia]) VALUES (1231, N'COLONIA SUIZA', 12)
INSERT [dbo].[localidad] ([codLocalidad], [nombreLocalidad], [codProvincia]) VALUES (1232, N'DORREGO', 12)
INSERT [dbo].[localidad] ([codLocalidad], [nombreLocalidad], [codProvincia]) VALUES (1233, N'EL NIHUIL', 12)
INSERT [dbo].[localidad] ([codLocalidad], [nombreLocalidad], [codProvincia]) VALUES (1234, N'EL SOSNEADO', 12)
INSERT [dbo].[localidad] ([codLocalidad], [nombreLocalidad], [codProvincia]) VALUES (1235, N'GENERAL ALVEAR', 12)
INSERT [dbo].[localidad] ([codLocalidad], [nombreLocalidad], [codProvincia]) VALUES (1236, N'GLLEN', 12)
INSERT [dbo].[localidad] ([codLocalidad], [nombreLocalidad], [codProvincia]) VALUES (1237, N'GODOY CRUZ', 12)
INSERT [dbo].[localidad] ([codLocalidad], [nombreLocalidad], [codProvincia]) VALUES (1238, N'GUAYMALLEN', 12)
INSERT [dbo].[localidad] ([codLocalidad], [nombreLocalidad], [codProvincia]) VALUES (1239, N'JUNIN', 12)
INSERT [dbo].[localidad] ([codLocalidad], [nombreLocalidad], [codProvincia]) VALUES (1240, N'LA PAZ', 12)
INSERT [dbo].[localidad] ([codLocalidad], [nombreLocalidad], [codProvincia]) VALUES (1241, N'LAS CARDITAS', 12)
INSERT [dbo].[localidad] ([codLocalidad], [nombreLocalidad], [codProvincia]) VALUES (1242, N'LAS CUEVAS', 12)
INSERT [dbo].[localidad] ([codLocalidad], [nombreLocalidad], [codProvincia]) VALUES (1243, N'LAS HERAS', 12)
INSERT [dbo].[localidad] ([codLocalidad], [nombreLocalidad], [codProvincia]) VALUES (1244, N'LAS VEGAS', 12)
INSERT [dbo].[localidad] ([codLocalidad], [nombreLocalidad], [codProvincia]) VALUES (1245, N'LAVALLE', 12)
INSERT [dbo].[localidad] ([codLocalidad], [nombreLocalidad], [codProvincia]) VALUES (1246, N'LOS MOLLES', 12)
INSERT [dbo].[localidad] ([codLocalidad], [nombreLocalidad], [codProvincia]) VALUES (1247, N'LOS REYUNOS', 12)
INSERT [dbo].[localidad] ([codLocalidad], [nombreLocalidad], [codProvincia]) VALUES (1248, N'LUJÁN', 12)
INSERT [dbo].[localidad] ([codLocalidad], [nombreLocalidad], [codProvincia]) VALUES (1249, N'LUJAN DE CUYO', 12)
INSERT [dbo].[localidad] ([codLocalidad], [nombreLocalidad], [codProvincia]) VALUES (1250, N'MAIPU', 12)
INSERT [dbo].[localidad] ([codLocalidad], [nombreLocalidad], [codProvincia]) VALUES (1251, N'MALARGUE', 12)
INSERT [dbo].[localidad] ([codLocalidad], [nombreLocalidad], [codProvincia]) VALUES (1252, N'MANZANO HISTORICO', 12)
INSERT [dbo].[localidad] ([codLocalidad], [nombreLocalidad], [codProvincia]) VALUES (1253, N'CAPITAL (MENDOZA)', 12)
INSERT [dbo].[localidad] ([codLocalidad], [nombreLocalidad], [codProvincia]) VALUES (1254, N'POTRERILLOS', 12)
INSERT [dbo].[localidad] ([codLocalidad], [nombreLocalidad], [codProvincia]) VALUES (1255, N'RIVADAVIA', 12)
INSERT [dbo].[localidad] ([codLocalidad], [nombreLocalidad], [codProvincia]) VALUES (1256, N'RIVADAVIA', 12)
INSERT [dbo].[localidad] ([codLocalidad], [nombreLocalidad], [codProvincia]) VALUES (1257, N'SAN CARLOS', 12)
INSERT [dbo].[localidad] ([codLocalidad], [nombreLocalidad], [codProvincia]) VALUES (1258, N'SAN MARTIN', 12)
INSERT [dbo].[localidad] ([codLocalidad], [nombreLocalidad], [codProvincia]) VALUES (1259, N'SAN RAFAEL', 12)
INSERT [dbo].[localidad] ([codLocalidad], [nombreLocalidad], [codProvincia]) VALUES (1260, N'SANTA ROSA', 12)
INSERT [dbo].[localidad] ([codLocalidad], [nombreLocalidad], [codProvincia]) VALUES (1261, N'TERMAS CACHEUTA', 12)
INSERT [dbo].[localidad] ([codLocalidad], [nombreLocalidad], [codProvincia]) VALUES (1262, N'TUNUYAN', 12)
INSERT [dbo].[localidad] ([codLocalidad], [nombreLocalidad], [codProvincia]) VALUES (1263, N'TUPUNGATO', 12)
INSERT [dbo].[localidad] ([codLocalidad], [nombreLocalidad], [codProvincia]) VALUES (1264, N'USPALLATA', 12)
INSERT [dbo].[localidad] ([codLocalidad], [nombreLocalidad], [codProvincia]) VALUES (1265, N'VALLE DE UCO', 12)
INSERT [dbo].[localidad] ([codLocalidad], [nombreLocalidad], [codProvincia]) VALUES (1266, N'VALLE GRANDE', 12)
INSERT [dbo].[localidad] ([codLocalidad], [nombreLocalidad], [codProvincia]) VALUES (1267, N'VILLA NUEVA', 12)
INSERT [dbo].[localidad] ([codLocalidad], [nombreLocalidad], [codProvincia]) VALUES (1268, N'ALBA POSSE', 13)
INSERT [dbo].[localidad] ([codLocalidad], [nombreLocalidad], [codProvincia]) VALUES (1269, N'ALMAFUERTE', 13)
INSERT [dbo].[localidad] ([codLocalidad], [nombreLocalidad], [codProvincia]) VALUES (1270, N'APÓSTOLES', 13)
INSERT [dbo].[localidad] ([codLocalidad], [nombreLocalidad], [codProvincia]) VALUES (1271, N'ARISTÓBULO DEL VALLE', 13)
INSERT [dbo].[localidad] ([codLocalidad], [nombreLocalidad], [codProvincia]) VALUES (1272, N'ARROYO DEL MEDIO', 13)
INSERT [dbo].[localidad] ([codLocalidad], [nombreLocalidad], [codProvincia]) VALUES (1273, N'AZARA', 13)
INSERT [dbo].[localidad] ([codLocalidad], [nombreLocalidad], [codProvincia]) VALUES (1274, N'BERNARDO DE IRIGOYEN', 13)
INSERT [dbo].[localidad] ([codLocalidad], [nombreLocalidad], [codProvincia]) VALUES (1275, N'BONPLAND', 13)
INSERT [dbo].[localidad] ([codLocalidad], [nombreLocalidad], [codProvincia]) VALUES (1276, N'CAÁ YARI', 13)
INSERT [dbo].[localidad] ([codLocalidad], [nombreLocalidad], [codProvincia]) VALUES (1277, N'CAMPO GRANDE', 13)
INSERT [dbo].[localidad] ([codLocalidad], [nombreLocalidad], [codProvincia]) VALUES (1278, N'CAMPO RAMÓN', 13)
INSERT [dbo].[localidad] ([codLocalidad], [nombreLocalidad], [codProvincia]) VALUES (1279, N'CAMPO VIERA', 13)
INSERT [dbo].[localidad] ([codLocalidad], [nombreLocalidad], [codProvincia]) VALUES (1280, N'CANDELARIA', 13)
INSERT [dbo].[localidad] ([codLocalidad], [nombreLocalidad], [codProvincia]) VALUES (1281, N'CAPIOVÍ', 13)
INSERT [dbo].[localidad] ([codLocalidad], [nombreLocalidad], [codProvincia]) VALUES (1282, N'CARAGUATAY', 13)
INSERT [dbo].[localidad] ([codLocalidad], [nombreLocalidad], [codProvincia]) VALUES (1283, N'COMANDANTE GUACURARÍ', 13)
INSERT [dbo].[localidad] ([codLocalidad], [nombreLocalidad], [codProvincia]) VALUES (1284, N'CERRO AZUL', 13)
INSERT [dbo].[localidad] ([codLocalidad], [nombreLocalidad], [codProvincia]) VALUES (1285, N'CERRO CORÁ', 13)
INSERT [dbo].[localidad] ([codLocalidad], [nombreLocalidad], [codProvincia]) VALUES (1286, N'COLONIA ALBERDI', 13)
INSERT [dbo].[localidad] ([codLocalidad], [nombreLocalidad], [codProvincia]) VALUES (1287, N'COLONIA AURORA', 13)
INSERT [dbo].[localidad] ([codLocalidad], [nombreLocalidad], [codProvincia]) VALUES (1288, N'COLONIA DELICIA', 13)
INSERT [dbo].[localidad] ([codLocalidad], [nombreLocalidad], [codProvincia]) VALUES (1289, N'COLONIA POLANA', 13)
INSERT [dbo].[localidad] ([codLocalidad], [nombreLocalidad], [codProvincia]) VALUES (1290, N'COLONIA VICTORIA', 13)
INSERT [dbo].[localidad] ([codLocalidad], [nombreLocalidad], [codProvincia]) VALUES (1291, N'COLONIA WANDA', 13)
INSERT [dbo].[localidad] ([codLocalidad], [nombreLocalidad], [codProvincia]) VALUES (1292, N'CONCEPCIÓN DE LA SIERRA', 13)
INSERT [dbo].[localidad] ([codLocalidad], [nombreLocalidad], [codProvincia]) VALUES (1293, N'CORPUS', 13)
INSERT [dbo].[localidad] ([codLocalidad], [nombreLocalidad], [codProvincia]) VALUES (1294, N'DOS ARROYOS', 13)
INSERT [dbo].[localidad] ([codLocalidad], [nombreLocalidad], [codProvincia]) VALUES (1295, N'DOS DE MAYO', 13)
INSERT [dbo].[localidad] ([codLocalidad], [nombreLocalidad], [codProvincia]) VALUES (1296, N'EL ALCÁZAR', 13)
INSERT [dbo].[localidad] ([codLocalidad], [nombreLocalidad], [codProvincia]) VALUES (1297, N'EL DORADO', 13)
INSERT [dbo].[localidad] ([codLocalidad], [nombreLocalidad], [codProvincia]) VALUES (1298, N'EL SOBERBIO', 13)
INSERT [dbo].[localidad] ([codLocalidad], [nombreLocalidad], [codProvincia]) VALUES (1299, N'ESPERANZA', 13)
GO
INSERT [dbo].[localidad] ([codLocalidad], [nombreLocalidad], [codProvincia]) VALUES (1300, N'F. AMEGHINO', 13)
INSERT [dbo].[localidad] ([codLocalidad], [nombreLocalidad], [codProvincia]) VALUES (1301, N'FACHINAL', 13)
INSERT [dbo].[localidad] ([codLocalidad], [nombreLocalidad], [codProvincia]) VALUES (1302, N'GARUHAPÉ', 13)
INSERT [dbo].[localidad] ([codLocalidad], [nombreLocalidad], [codProvincia]) VALUES (1303, N'GARUPÁ', 13)
INSERT [dbo].[localidad] ([codLocalidad], [nombreLocalidad], [codProvincia]) VALUES (1304, N'GOBERNADOR LÓPEZ', 13)
INSERT [dbo].[localidad] ([codLocalidad], [nombreLocalidad], [codProvincia]) VALUES (1305, N'GOBERNADOR ROCA', 13)
INSERT [dbo].[localidad] ([codLocalidad], [nombreLocalidad], [codProvincia]) VALUES (1306, N'GENERAL ALVEAR', 13)
INSERT [dbo].[localidad] ([codLocalidad], [nombreLocalidad], [codProvincia]) VALUES (1307, N'GENERAL URQUIZA', 13)
INSERT [dbo].[localidad] ([codLocalidad], [nombreLocalidad], [codProvincia]) VALUES (1308, N'GUARANÍ', 13)
INSERT [dbo].[localidad] ([codLocalidad], [nombreLocalidad], [codProvincia]) VALUES (1309, N'H. YRIGOYEN', 13)
INSERT [dbo].[localidad] ([codLocalidad], [nombreLocalidad], [codProvincia]) VALUES (1310, N'IGUAZÚ', 13)
INSERT [dbo].[localidad] ([codLocalidad], [nombreLocalidad], [codProvincia]) VALUES (1311, N'ITACARUARÉ', 13)
INSERT [dbo].[localidad] ([codLocalidad], [nombreLocalidad], [codProvincia]) VALUES (1312, N'JARDÍN AMÉRICA', 13)
INSERT [dbo].[localidad] ([codLocalidad], [nombreLocalidad], [codProvincia]) VALUES (1313, N'LEANDRO N. ALEM', 13)
INSERT [dbo].[localidad] ([codLocalidad], [nombreLocalidad], [codProvincia]) VALUES (1314, N'LIBERTAD', 13)
INSERT [dbo].[localidad] ([codLocalidad], [nombreLocalidad], [codProvincia]) VALUES (1315, N'LORETO', 13)
INSERT [dbo].[localidad] ([codLocalidad], [nombreLocalidad], [codProvincia]) VALUES (1316, N'LOS HELECHOS', 13)
INSERT [dbo].[localidad] ([codLocalidad], [nombreLocalidad], [codProvincia]) VALUES (1317, N'MÁRTIRES', 13)
INSERT [dbo].[localidad] ([codLocalidad], [nombreLocalidad], [codProvincia]) VALUES (1318, N'MOJÓN GRANDE', 13)
INSERT [dbo].[localidad] ([codLocalidad], [nombreLocalidad], [codProvincia]) VALUES (1319, N'MONTECARLO', 13)
INSERT [dbo].[localidad] ([codLocalidad], [nombreLocalidad], [codProvincia]) VALUES (1320, N'NUEVE DE JULIO', 13)
INSERT [dbo].[localidad] ([codLocalidad], [nombreLocalidad], [codProvincia]) VALUES (1321, N'OBERÁ', 13)
INSERT [dbo].[localidad] ([codLocalidad], [nombreLocalidad], [codProvincia]) VALUES (1322, N'OLEGARIO V. ANDRADE', 13)
INSERT [dbo].[localidad] ([codLocalidad], [nombreLocalidad], [codProvincia]) VALUES (1323, N'PANAMBÍ', 13)
INSERT [dbo].[localidad] ([codLocalidad], [nombreLocalidad], [codProvincia]) VALUES (1324, N'POSADAS', 13)
INSERT [dbo].[localidad] ([codLocalidad], [nombreLocalidad], [codProvincia]) VALUES (1325, N'PROFUNDIDAD', 13)
INSERT [dbo].[localidad] ([codLocalidad], [nombreLocalidad], [codProvincia]) VALUES (1326, N'PUERTO IGUAZÚ', 13)
INSERT [dbo].[localidad] ([codLocalidad], [nombreLocalidad], [codProvincia]) VALUES (1327, N'PUERTO LEONI', 13)
INSERT [dbo].[localidad] ([codLocalidad], [nombreLocalidad], [codProvincia]) VALUES (1328, N'PUERTO PIRAY', 13)
INSERT [dbo].[localidad] ([codLocalidad], [nombreLocalidad], [codProvincia]) VALUES (1329, N'PUERTO RICO', 13)
INSERT [dbo].[localidad] ([codLocalidad], [nombreLocalidad], [codProvincia]) VALUES (1330, N'RUIZ DE MONTOYA', 13)
INSERT [dbo].[localidad] ([codLocalidad], [nombreLocalidad], [codProvincia]) VALUES (1331, N'SAN ANTONIO', 13)
INSERT [dbo].[localidad] ([codLocalidad], [nombreLocalidad], [codProvincia]) VALUES (1332, N'SAN IGNACIO', 13)
INSERT [dbo].[localidad] ([codLocalidad], [nombreLocalidad], [codProvincia]) VALUES (1333, N'SAN JAVIER', 13)
INSERT [dbo].[localidad] ([codLocalidad], [nombreLocalidad], [codProvincia]) VALUES (1334, N'SAN JOSÉ', 13)
INSERT [dbo].[localidad] ([codLocalidad], [nombreLocalidad], [codProvincia]) VALUES (1335, N'SAN MARTÍN', 13)
INSERT [dbo].[localidad] ([codLocalidad], [nombreLocalidad], [codProvincia]) VALUES (1336, N'SAN PEDRO', 13)
INSERT [dbo].[localidad] ([codLocalidad], [nombreLocalidad], [codProvincia]) VALUES (1337, N'SAN VICENTE', 13)
INSERT [dbo].[localidad] ([codLocalidad], [nombreLocalidad], [codProvincia]) VALUES (1338, N'SANTIAGO DE LINIERS', 13)
INSERT [dbo].[localidad] ([codLocalidad], [nombreLocalidad], [codProvincia]) VALUES (1339, N'SANTO PIPO', 13)
INSERT [dbo].[localidad] ([codLocalidad], [nombreLocalidad], [codProvincia]) VALUES (1340, N'SANTA ANA', 13)
INSERT [dbo].[localidad] ([codLocalidad], [nombreLocalidad], [codProvincia]) VALUES (1341, N'SANTA MARÍA', 13)
INSERT [dbo].[localidad] ([codLocalidad], [nombreLocalidad], [codProvincia]) VALUES (1342, N'TRES CAPONES', 13)
INSERT [dbo].[localidad] ([codLocalidad], [nombreLocalidad], [codProvincia]) VALUES (1343, N'VEINTICINCO DE MAYO', 13)
INSERT [dbo].[localidad] ([codLocalidad], [nombreLocalidad], [codProvincia]) VALUES (1344, N'WANDA', 13)
INSERT [dbo].[localidad] ([codLocalidad], [nombreLocalidad], [codProvincia]) VALUES (1345, N'AGUADA SAN ROQUE', 14)
INSERT [dbo].[localidad] ([codLocalidad], [nombreLocalidad], [codProvincia]) VALUES (1346, N'ALUMINÉ', 14)
INSERT [dbo].[localidad] ([codLocalidad], [nombreLocalidad], [codProvincia]) VALUES (1347, N'ANDACOLLO', 14)
INSERT [dbo].[localidad] ([codLocalidad], [nombreLocalidad], [codProvincia]) VALUES (1348, N'AÑELO', 14)
INSERT [dbo].[localidad] ([codLocalidad], [nombreLocalidad], [codProvincia]) VALUES (1349, N'BAJADA DEL AGRIO', 14)
INSERT [dbo].[localidad] ([codLocalidad], [nombreLocalidad], [codProvincia]) VALUES (1350, N'BARRANCAS', 14)
INSERT [dbo].[localidad] ([codLocalidad], [nombreLocalidad], [codProvincia]) VALUES (1351, N'BUTA RANQUIL', 14)
INSERT [dbo].[localidad] ([codLocalidad], [nombreLocalidad], [codProvincia]) VALUES (1352, N'CAPITAL (NEUQUÉN)', 14)
INSERT [dbo].[localidad] ([codLocalidad], [nombreLocalidad], [codProvincia]) VALUES (1353, N'CAVIAHUÉ', 14)
INSERT [dbo].[localidad] ([codLocalidad], [nombreLocalidad], [codProvincia]) VALUES (1354, N'CENTENARIO', 14)
INSERT [dbo].[localidad] ([codLocalidad], [nombreLocalidad], [codProvincia]) VALUES (1355, N'CHORRIACA', 14)
INSERT [dbo].[localidad] ([codLocalidad], [nombreLocalidad], [codProvincia]) VALUES (1356, N'CHOS MALAL', 14)
INSERT [dbo].[localidad] ([codLocalidad], [nombreLocalidad], [codProvincia]) VALUES (1357, N'CIPOLLETTI', 14)
INSERT [dbo].[localidad] ([codLocalidad], [nombreLocalidad], [codProvincia]) VALUES (1358, N'COVUNCO ABAJO', 14)
INSERT [dbo].[localidad] ([codLocalidad], [nombreLocalidad], [codProvincia]) VALUES (1359, N'COYUCO COCHICO', 14)
INSERT [dbo].[localidad] ([codLocalidad], [nombreLocalidad], [codProvincia]) VALUES (1360, N'CUTRAL CÓ', 14)
INSERT [dbo].[localidad] ([codLocalidad], [nombreLocalidad], [codProvincia]) VALUES (1361, N'EL CHOLAR', 14)
INSERT [dbo].[localidad] ([codLocalidad], [nombreLocalidad], [codProvincia]) VALUES (1362, N'EL HUECÚ', 14)
INSERT [dbo].[localidad] ([codLocalidad], [nombreLocalidad], [codProvincia]) VALUES (1363, N'EL SAUCE', 14)
INSERT [dbo].[localidad] ([codLocalidad], [nombreLocalidad], [codProvincia]) VALUES (1364, N'GUAÑACOS', 14)
INSERT [dbo].[localidad] ([codLocalidad], [nombreLocalidad], [codProvincia]) VALUES (1365, N'HUINGANCO', 14)
INSERT [dbo].[localidad] ([codLocalidad], [nombreLocalidad], [codProvincia]) VALUES (1366, N'LAS COLORADAS', 14)
INSERT [dbo].[localidad] ([codLocalidad], [nombreLocalidad], [codProvincia]) VALUES (1367, N'LAS LAJAS', 14)
INSERT [dbo].[localidad] ([codLocalidad], [nombreLocalidad], [codProvincia]) VALUES (1368, N'LAS OVEJAS', 14)
INSERT [dbo].[localidad] ([codLocalidad], [nombreLocalidad], [codProvincia]) VALUES (1369, N'LONCOPUÉ', 14)
INSERT [dbo].[localidad] ([codLocalidad], [nombreLocalidad], [codProvincia]) VALUES (1370, N'LOS CATUTOS', 14)
INSERT [dbo].[localidad] ([codLocalidad], [nombreLocalidad], [codProvincia]) VALUES (1371, N'LOS CHIHUIDOS', 14)
INSERT [dbo].[localidad] ([codLocalidad], [nombreLocalidad], [codProvincia]) VALUES (1372, N'LOS MICHES', 14)
INSERT [dbo].[localidad] ([codLocalidad], [nombreLocalidad], [codProvincia]) VALUES (1373, N'MANZANO AMARGO', 14)
INSERT [dbo].[localidad] ([codLocalidad], [nombreLocalidad], [codProvincia]) VALUES (1374, N'OCTAVIO PICO', 14)
INSERT [dbo].[localidad] ([codLocalidad], [nombreLocalidad], [codProvincia]) VALUES (1375, N'PASO AGUERRE', 14)
INSERT [dbo].[localidad] ([codLocalidad], [nombreLocalidad], [codProvincia]) VALUES (1376, N'PICÚN LEUFÚ', 14)
INSERT [dbo].[localidad] ([codLocalidad], [nombreLocalidad], [codProvincia]) VALUES (1377, N'PIEDRA DEL AGUILA', 14)
INSERT [dbo].[localidad] ([codLocalidad], [nombreLocalidad], [codProvincia]) VALUES (1378, N'PILO LIL', 14)
INSERT [dbo].[localidad] ([codLocalidad], [nombreLocalidad], [codProvincia]) VALUES (1379, N'PLAZA HUINCUL', 14)
INSERT [dbo].[localidad] ([codLocalidad], [nombreLocalidad], [codProvincia]) VALUES (1380, N'PLOTTIER', 14)
INSERT [dbo].[localidad] ([codLocalidad], [nombreLocalidad], [codProvincia]) VALUES (1381, N'QUILI MALAL', 14)
INSERT [dbo].[localidad] ([codLocalidad], [nombreLocalidad], [codProvincia]) VALUES (1382, N'RAMÓN CASTRO', 14)
INSERT [dbo].[localidad] ([codLocalidad], [nombreLocalidad], [codProvincia]) VALUES (1383, N'RINCÓN DE LOS SAUCES', 14)
INSERT [dbo].[localidad] ([codLocalidad], [nombreLocalidad], [codProvincia]) VALUES (1384, N'SAN MARTÍN DE LOS ANDES', 14)
INSERT [dbo].[localidad] ([codLocalidad], [nombreLocalidad], [codProvincia]) VALUES (1385, N'SAN PATRICIO DEL CHAÑAR', 14)
INSERT [dbo].[localidad] ([codLocalidad], [nombreLocalidad], [codProvincia]) VALUES (1386, N'SANTO TOMÁS', 14)
INSERT [dbo].[localidad] ([codLocalidad], [nombreLocalidad], [codProvincia]) VALUES (1387, N'SAUZAL BONITO', 14)
INSERT [dbo].[localidad] ([codLocalidad], [nombreLocalidad], [codProvincia]) VALUES (1388, N'SENILLOSA', 14)
INSERT [dbo].[localidad] ([codLocalidad], [nombreLocalidad], [codProvincia]) VALUES (1389, N'TAQUIMILÁN', 14)
INSERT [dbo].[localidad] ([codLocalidad], [nombreLocalidad], [codProvincia]) VALUES (1390, N'TRICAO MALAL', 14)
INSERT [dbo].[localidad] ([codLocalidad], [nombreLocalidad], [codProvincia]) VALUES (1391, N'VARVARCO', 14)
INSERT [dbo].[localidad] ([codLocalidad], [nombreLocalidad], [codProvincia]) VALUES (1392, N'VILLA CURÍ LEUVU', 14)
INSERT [dbo].[localidad] ([codLocalidad], [nombreLocalidad], [codProvincia]) VALUES (1393, N'VILLA DEL NAHUEVE', 14)
INSERT [dbo].[localidad] ([codLocalidad], [nombreLocalidad], [codProvincia]) VALUES (1394, N'VILLA DEL PUENTE PICÚN LEUVÚ', 14)
INSERT [dbo].[localidad] ([codLocalidad], [nombreLocalidad], [codProvincia]) VALUES (1395, N'VILLA EL CHOCÓN', 14)
INSERT [dbo].[localidad] ([codLocalidad], [nombreLocalidad], [codProvincia]) VALUES (1396, N'VILLA LA ANGOSTURA', 14)
INSERT [dbo].[localidad] ([codLocalidad], [nombreLocalidad], [codProvincia]) VALUES (1397, N'VILLA PEHUENIA', 14)
INSERT [dbo].[localidad] ([codLocalidad], [nombreLocalidad], [codProvincia]) VALUES (1398, N'VILLA TRAFUL', 14)
INSERT [dbo].[localidad] ([codLocalidad], [nombreLocalidad], [codProvincia]) VALUES (1399, N'VISTA ALEGRE', 14)
GO
INSERT [dbo].[localidad] ([codLocalidad], [nombreLocalidad], [codProvincia]) VALUES (1400, N'ZAPALA', 14)
INSERT [dbo].[localidad] ([codLocalidad], [nombreLocalidad], [codProvincia]) VALUES (1401, N'AGUADA CECILIO', 15)
INSERT [dbo].[localidad] ([codLocalidad], [nombreLocalidad], [codProvincia]) VALUES (1402, N'AGUADA DE GUERRA', 15)
INSERT [dbo].[localidad] ([codLocalidad], [nombreLocalidad], [codProvincia]) VALUES (1403, N'ALLÉN', 15)
INSERT [dbo].[localidad] ([codLocalidad], [nombreLocalidad], [codProvincia]) VALUES (1404, N'ARROYO DE LA VENTANA', 15)
INSERT [dbo].[localidad] ([codLocalidad], [nombreLocalidad], [codProvincia]) VALUES (1405, N'ARROYO LOS BERROS', 15)
INSERT [dbo].[localidad] ([codLocalidad], [nombreLocalidad], [codProvincia]) VALUES (1406, N'BARILOCHE', 15)
INSERT [dbo].[localidad] ([codLocalidad], [nombreLocalidad], [codProvincia]) VALUES (1407, N'CALTE. CORDERO', 15)
INSERT [dbo].[localidad] ([codLocalidad], [nombreLocalidad], [codProvincia]) VALUES (1408, N'CAMPO GRANDE', 15)
INSERT [dbo].[localidad] ([codLocalidad], [nombreLocalidad], [codProvincia]) VALUES (1409, N'CATRIEL', 15)
INSERT [dbo].[localidad] ([codLocalidad], [nombreLocalidad], [codProvincia]) VALUES (1410, N'CERRO POLICÍA', 15)
INSERT [dbo].[localidad] ([codLocalidad], [nombreLocalidad], [codProvincia]) VALUES (1411, N'CERVANTES', 15)
INSERT [dbo].[localidad] ([codLocalidad], [nombreLocalidad], [codProvincia]) VALUES (1412, N'CHELFORO', 15)
INSERT [dbo].[localidad] ([codLocalidad], [nombreLocalidad], [codProvincia]) VALUES (1413, N'CHIMPAY', 15)
INSERT [dbo].[localidad] ([codLocalidad], [nombreLocalidad], [codProvincia]) VALUES (1414, N'CHINCHINALES', 15)
INSERT [dbo].[localidad] ([codLocalidad], [nombreLocalidad], [codProvincia]) VALUES (1415, N'CHIPAUQUIL', 15)
INSERT [dbo].[localidad] ([codLocalidad], [nombreLocalidad], [codProvincia]) VALUES (1416, N'CHOELE CHOEL', 15)
INSERT [dbo].[localidad] ([codLocalidad], [nombreLocalidad], [codProvincia]) VALUES (1417, N'CINCO SALTOS', 15)
INSERT [dbo].[localidad] ([codLocalidad], [nombreLocalidad], [codProvincia]) VALUES (1418, N'CIPOLLETTI', 15)
INSERT [dbo].[localidad] ([codLocalidad], [nombreLocalidad], [codProvincia]) VALUES (1419, N'CLEMENTE ONELLI', 15)
INSERT [dbo].[localidad] ([codLocalidad], [nombreLocalidad], [codProvincia]) VALUES (1420, N'COLÁN CONHUE', 15)
INSERT [dbo].[localidad] ([codLocalidad], [nombreLocalidad], [codProvincia]) VALUES (1421, N'COMALLO', 15)
INSERT [dbo].[localidad] ([codLocalidad], [nombreLocalidad], [codProvincia]) VALUES (1422, N'COMICÓ', 15)
INSERT [dbo].[localidad] ([codLocalidad], [nombreLocalidad], [codProvincia]) VALUES (1423, N'CONA NIYEU', 15)
INSERT [dbo].[localidad] ([codLocalidad], [nombreLocalidad], [codProvincia]) VALUES (1424, N'CORONEL BELISLE', 15)
INSERT [dbo].[localidad] ([codLocalidad], [nombreLocalidad], [codProvincia]) VALUES (1425, N'CUBANEA', 15)
INSERT [dbo].[localidad] ([codLocalidad], [nombreLocalidad], [codProvincia]) VALUES (1426, N'DARWIN', 15)
INSERT [dbo].[localidad] ([codLocalidad], [nombreLocalidad], [codProvincia]) VALUES (1427, N'DINA HUAPI', 15)
INSERT [dbo].[localidad] ([codLocalidad], [nombreLocalidad], [codProvincia]) VALUES (1428, N'EL BOLSÓN', 15)
INSERT [dbo].[localidad] ([codLocalidad], [nombreLocalidad], [codProvincia]) VALUES (1429, N'EL CAÍN', 15)
INSERT [dbo].[localidad] ([codLocalidad], [nombreLocalidad], [codProvincia]) VALUES (1430, N'EL MANSO', 15)
INSERT [dbo].[localidad] ([codLocalidad], [nombreLocalidad], [codProvincia]) VALUES (1431, N'GENERAL CONESA', 15)
INSERT [dbo].[localidad] ([codLocalidad], [nombreLocalidad], [codProvincia]) VALUES (1432, N'GENERAL ENRIQUE GODOY', 15)
INSERT [dbo].[localidad] ([codLocalidad], [nombreLocalidad], [codProvincia]) VALUES (1433, N'GENERAL FERNANDEZ ORO', 15)
INSERT [dbo].[localidad] ([codLocalidad], [nombreLocalidad], [codProvincia]) VALUES (1434, N'GENERAL ROCA', 15)
INSERT [dbo].[localidad] ([codLocalidad], [nombreLocalidad], [codProvincia]) VALUES (1435, N'GUARDIA MITRE', 15)
INSERT [dbo].[localidad] ([codLocalidad], [nombreLocalidad], [codProvincia]) VALUES (1436, N'INGENIERO HUERGO', 15)
INSERT [dbo].[localidad] ([codLocalidad], [nombreLocalidad], [codProvincia]) VALUES (1437, N'INGENIERO JACOBACCI', 15)
INSERT [dbo].[localidad] ([codLocalidad], [nombreLocalidad], [codProvincia]) VALUES (1438, N'LAGUNA BLANCA', 15)
INSERT [dbo].[localidad] ([codLocalidad], [nombreLocalidad], [codProvincia]) VALUES (1439, N'LAMARQUE', 15)
INSERT [dbo].[localidad] ([codLocalidad], [nombreLocalidad], [codProvincia]) VALUES (1440, N'LAS GRUTAS', 15)
INSERT [dbo].[localidad] ([codLocalidad], [nombreLocalidad], [codProvincia]) VALUES (1441, N'LOS MENUCOS', 15)
INSERT [dbo].[localidad] ([codLocalidad], [nombreLocalidad], [codProvincia]) VALUES (1442, N'LUIS BELTRÁN', 15)
INSERT [dbo].[localidad] ([codLocalidad], [nombreLocalidad], [codProvincia]) VALUES (1443, N'MAINQUÉ', 15)
INSERT [dbo].[localidad] ([codLocalidad], [nombreLocalidad], [codProvincia]) VALUES (1444, N'MAMUEL CHOIQUE', 15)
INSERT [dbo].[localidad] ([codLocalidad], [nombreLocalidad], [codProvincia]) VALUES (1445, N'MAQUINCHAO', 15)
INSERT [dbo].[localidad] ([codLocalidad], [nombreLocalidad], [codProvincia]) VALUES (1446, N'MENCUÉ', 15)
INSERT [dbo].[localidad] ([codLocalidad], [nombreLocalidad], [codProvincia]) VALUES (1447, N'MTRO. RAMOS MEXIA', 15)
INSERT [dbo].[localidad] ([codLocalidad], [nombreLocalidad], [codProvincia]) VALUES (1448, N'NAHUEL NIYEU', 15)
INSERT [dbo].[localidad] ([codLocalidad], [nombreLocalidad], [codProvincia]) VALUES (1449, N'NAUPA HUEN', 15)
INSERT [dbo].[localidad] ([codLocalidad], [nombreLocalidad], [codProvincia]) VALUES (1450, N'ÑORQUINCO', 15)
INSERT [dbo].[localidad] ([codLocalidad], [nombreLocalidad], [codProvincia]) VALUES (1451, N'OJOS DE AGUA', 15)
INSERT [dbo].[localidad] ([codLocalidad], [nombreLocalidad], [codProvincia]) VALUES (1452, N'PASO DE AGUA', 15)
INSERT [dbo].[localidad] ([codLocalidad], [nombreLocalidad], [codProvincia]) VALUES (1453, N'PASO FLORES', 15)
INSERT [dbo].[localidad] ([codLocalidad], [nombreLocalidad], [codProvincia]) VALUES (1454, N'PEÑAS BLANCAS', 15)
INSERT [dbo].[localidad] ([codLocalidad], [nombreLocalidad], [codProvincia]) VALUES (1455, N'PICHI MAHUIDA', 15)
INSERT [dbo].[localidad] ([codLocalidad], [nombreLocalidad], [codProvincia]) VALUES (1456, N'PILCANIYEU', 15)
INSERT [dbo].[localidad] ([codLocalidad], [nombreLocalidad], [codProvincia]) VALUES (1457, N'POMONA', 15)
INSERT [dbo].[localidad] ([codLocalidad], [nombreLocalidad], [codProvincia]) VALUES (1458, N'PRAHUANIYEU', 15)
INSERT [dbo].[localidad] ([codLocalidad], [nombreLocalidad], [codProvincia]) VALUES (1459, N'RINCÓN TRENETA', 15)
INSERT [dbo].[localidad] ([codLocalidad], [nombreLocalidad], [codProvincia]) VALUES (1460, N'RÍO CHICO', 15)
INSERT [dbo].[localidad] ([codLocalidad], [nombreLocalidad], [codProvincia]) VALUES (1461, N'RÍO COLORADO', 15)
INSERT [dbo].[localidad] ([codLocalidad], [nombreLocalidad], [codProvincia]) VALUES (1462, N'ROCA', 15)
INSERT [dbo].[localidad] ([codLocalidad], [nombreLocalidad], [codProvincia]) VALUES (1463, N'SAN ANTONIO OESTE', 15)
INSERT [dbo].[localidad] ([codLocalidad], [nombreLocalidad], [codProvincia]) VALUES (1464, N'SAN JAVIER', 15)
INSERT [dbo].[localidad] ([codLocalidad], [nombreLocalidad], [codProvincia]) VALUES (1465, N'SIERRA COLORADA', 15)
INSERT [dbo].[localidad] ([codLocalidad], [nombreLocalidad], [codProvincia]) VALUES (1466, N'SIERRA GRANDE', 15)
INSERT [dbo].[localidad] ([codLocalidad], [nombreLocalidad], [codProvincia]) VALUES (1467, N'SIERRA PAILEMÁN', 15)
INSERT [dbo].[localidad] ([codLocalidad], [nombreLocalidad], [codProvincia]) VALUES (1468, N'VALCHETA', 15)
INSERT [dbo].[localidad] ([codLocalidad], [nombreLocalidad], [codProvincia]) VALUES (1469, N'VALLE AZUL', 15)
INSERT [dbo].[localidad] ([codLocalidad], [nombreLocalidad], [codProvincia]) VALUES (1470, N'VIEDMA', 15)
INSERT [dbo].[localidad] ([codLocalidad], [nombreLocalidad], [codProvincia]) VALUES (1471, N'VILLA LLANQUÍN', 15)
INSERT [dbo].[localidad] ([codLocalidad], [nombreLocalidad], [codProvincia]) VALUES (1472, N'VILLA MASCARDI', 15)
INSERT [dbo].[localidad] ([codLocalidad], [nombreLocalidad], [codProvincia]) VALUES (1473, N'VILLA REGINA', 15)
INSERT [dbo].[localidad] ([codLocalidad], [nombreLocalidad], [codProvincia]) VALUES (1474, N'YAMINUÉ', 15)
INSERT [dbo].[localidad] ([codLocalidad], [nombreLocalidad], [codProvincia]) VALUES (1475, N'AGUARAY', 16)
INSERT [dbo].[localidad] ([codLocalidad], [nombreLocalidad], [codProvincia]) VALUES (1476, N'ANGASTACO', 16)
INSERT [dbo].[localidad] ([codLocalidad], [nombreLocalidad], [codProvincia]) VALUES (1477, N'ANIMANÁ', 16)
INSERT [dbo].[localidad] ([codLocalidad], [nombreLocalidad], [codProvincia]) VALUES (1478, N'APOLINARIO SARAVIA', 16)
INSERT [dbo].[localidad] ([codLocalidad], [nombreLocalidad], [codProvincia]) VALUES (1479, N'CACHI', 16)
INSERT [dbo].[localidad] ([codLocalidad], [nombreLocalidad], [codProvincia]) VALUES (1480, N'CAFAYATE', 16)
INSERT [dbo].[localidad] ([codLocalidad], [nombreLocalidad], [codProvincia]) VALUES (1481, N'CAMPO QUIJANO', 16)
INSERT [dbo].[localidad] ([codLocalidad], [nombreLocalidad], [codProvincia]) VALUES (1482, N'CAMPO SANTO', 16)
INSERT [dbo].[localidad] ([codLocalidad], [nombreLocalidad], [codProvincia]) VALUES (1483, N'CERRILLOS', 16)
INSERT [dbo].[localidad] ([codLocalidad], [nombreLocalidad], [codProvincia]) VALUES (1484, N'CHICOANA', 16)
INSERT [dbo].[localidad] ([codLocalidad], [nombreLocalidad], [codProvincia]) VALUES (1485, N'COLONIA SANTA ROSA', 16)
INSERT [dbo].[localidad] ([codLocalidad], [nombreLocalidad], [codProvincia]) VALUES (1486, N'CORONEL MOLDES', 16)
INSERT [dbo].[localidad] ([codLocalidad], [nombreLocalidad], [codProvincia]) VALUES (1487, N'EL BORDO', 16)
INSERT [dbo].[localidad] ([codLocalidad], [nombreLocalidad], [codProvincia]) VALUES (1488, N'EL CARRIL', 16)
INSERT [dbo].[localidad] ([codLocalidad], [nombreLocalidad], [codProvincia]) VALUES (1489, N'EL GALPÓN', 16)
INSERT [dbo].[localidad] ([codLocalidad], [nombreLocalidad], [codProvincia]) VALUES (1490, N'EL JARDÍN', 16)
INSERT [dbo].[localidad] ([codLocalidad], [nombreLocalidad], [codProvincia]) VALUES (1491, N'EL POTRERO', 16)
INSERT [dbo].[localidad] ([codLocalidad], [nombreLocalidad], [codProvincia]) VALUES (1492, N'EL QUEBRACHAL', 16)
INSERT [dbo].[localidad] ([codLocalidad], [nombreLocalidad], [codProvincia]) VALUES (1493, N'EL TALA', 16)
INSERT [dbo].[localidad] ([codLocalidad], [nombreLocalidad], [codProvincia]) VALUES (1494, N'EMBARCACIÓN', 16)
INSERT [dbo].[localidad] ([codLocalidad], [nombreLocalidad], [codProvincia]) VALUES (1495, N'GENERAL BALLIVIÁN', 16)
INSERT [dbo].[localidad] ([codLocalidad], [nombreLocalidad], [codProvincia]) VALUES (1496, N'GENERAL GÜEMES', 16)
INSERT [dbo].[localidad] ([codLocalidad], [nombreLocalidad], [codProvincia]) VALUES (1497, N'GENERAL MOSCONI', 16)
INSERT [dbo].[localidad] ([codLocalidad], [nombreLocalidad], [codProvincia]) VALUES (1498, N'GENERAL PIZARRO', 16)
INSERT [dbo].[localidad] ([codLocalidad], [nombreLocalidad], [codProvincia]) VALUES (1499, N'GUACHIPAS', 16)
GO
INSERT [dbo].[localidad] ([codLocalidad], [nombreLocalidad], [codProvincia]) VALUES (1500, N'HIPÓLITO YRIGOYEN', 16)
INSERT [dbo].[localidad] ([codLocalidad], [nombreLocalidad], [codProvincia]) VALUES (1501, N'IRUYA', 16)
INSERT [dbo].[localidad] ([codLocalidad], [nombreLocalidad], [codProvincia]) VALUES (1502, N'ISLA DE CAÑAS', 16)
INSERT [dbo].[localidad] ([codLocalidad], [nombreLocalidad], [codProvincia]) VALUES (1503, N'JOAQUÍN VÍCTOR GONZÁLEZ', 16)
INSERT [dbo].[localidad] ([codLocalidad], [nombreLocalidad], [codProvincia]) VALUES (1504, N'LA CALDERA', 16)
INSERT [dbo].[localidad] ([codLocalidad], [nombreLocalidad], [codProvincia]) VALUES (1505, N'LA CANDELARIA', 16)
INSERT [dbo].[localidad] ([codLocalidad], [nombreLocalidad], [codProvincia]) VALUES (1506, N'LA MERCED', 16)
INSERT [dbo].[localidad] ([codLocalidad], [nombreLocalidad], [codProvincia]) VALUES (1507, N'LA POMA', 16)
INSERT [dbo].[localidad] ([codLocalidad], [nombreLocalidad], [codProvincia]) VALUES (1508, N'LA VIÑA', 16)
INSERT [dbo].[localidad] ([codLocalidad], [nombreLocalidad], [codProvincia]) VALUES (1509, N'LAS LAJITAS', 16)
INSERT [dbo].[localidad] ([codLocalidad], [nombreLocalidad], [codProvincia]) VALUES (1510, N'LOS TOLDOS', 16)
INSERT [dbo].[localidad] ([codLocalidad], [nombreLocalidad], [codProvincia]) VALUES (1511, N'MOLINOS', 16)
INSERT [dbo].[localidad] ([codLocalidad], [nombreLocalidad], [codProvincia]) VALUES (1512, N'NAZARENO', 16)
INSERT [dbo].[localidad] ([codLocalidad], [nombreLocalidad], [codProvincia]) VALUES (1513, N'PAYOGASTA', 16)
INSERT [dbo].[localidad] ([codLocalidad], [nombreLocalidad], [codProvincia]) VALUES (1514, N'PICHANAL', 16)
INSERT [dbo].[localidad] ([codLocalidad], [nombreLocalidad], [codProvincia]) VALUES (1515, N'PROFESOR SALVADOR MAZZA', 16)
INSERT [dbo].[localidad] ([codLocalidad], [nombreLocalidad], [codProvincia]) VALUES (1516, N'RÍO PÎEDRAS', 16)
INSERT [dbo].[localidad] ([codLocalidad], [nombreLocalidad], [codProvincia]) VALUES (1517, N'RIVADAVIA BANDA NORTE', 16)
INSERT [dbo].[localidad] ([codLocalidad], [nombreLocalidad], [codProvincia]) VALUES (1518, N'RIVADAVIA BANDA SUR', 16)
INSERT [dbo].[localidad] ([codLocalidad], [nombreLocalidad], [codProvincia]) VALUES (1519, N'ROSARIO DE LA FRONTERA', 16)
INSERT [dbo].[localidad] ([codLocalidad], [nombreLocalidad], [codProvincia]) VALUES (1520, N'ROSARIO DE LERMA', 16)
INSERT [dbo].[localidad] ([codLocalidad], [nombreLocalidad], [codProvincia]) VALUES (1521, N'SALTA', 16)
INSERT [dbo].[localidad] ([codLocalidad], [nombreLocalidad], [codProvincia]) VALUES (1522, N'SAN ANTONIO DE LOS COBRES', 16)
INSERT [dbo].[localidad] ([codLocalidad], [nombreLocalidad], [codProvincia]) VALUES (1523, N'SAN CARLOS', 16)
INSERT [dbo].[localidad] ([codLocalidad], [nombreLocalidad], [codProvincia]) VALUES (1524, N'SAN JOSÉ DE METÁN', 16)
INSERT [dbo].[localidad] ([codLocalidad], [nombreLocalidad], [codProvincia]) VALUES (1525, N'SAN RAMÓN DE LA NUEVA ORÁN', 16)
INSERT [dbo].[localidad] ([codLocalidad], [nombreLocalidad], [codProvincia]) VALUES (1526, N'SANTA VICTORIA ESTE', 16)
INSERT [dbo].[localidad] ([codLocalidad], [nombreLocalidad], [codProvincia]) VALUES (1527, N'SANTA VICTORIA OESTE', 16)
INSERT [dbo].[localidad] ([codLocalidad], [nombreLocalidad], [codProvincia]) VALUES (1528, N'SECLANTÁS', 16)
INSERT [dbo].[localidad] ([codLocalidad], [nombreLocalidad], [codProvincia]) VALUES (1529, N'TARTAGAL', 16)
INSERT [dbo].[localidad] ([codLocalidad], [nombreLocalidad], [codProvincia]) VALUES (1530, N'TOLAR GRANDE', 16)
INSERT [dbo].[localidad] ([codLocalidad], [nombreLocalidad], [codProvincia]) VALUES (1531, N'URUNDEL', 16)
INSERT [dbo].[localidad] ([codLocalidad], [nombreLocalidad], [codProvincia]) VALUES (1532, N'VAQUEROS', 16)
INSERT [dbo].[localidad] ([codLocalidad], [nombreLocalidad], [codProvincia]) VALUES (1533, N'VILLA SAN LORENZO', 16)
INSERT [dbo].[localidad] ([codLocalidad], [nombreLocalidad], [codProvincia]) VALUES (1534, N'9 DE JULIO', 17)
INSERT [dbo].[localidad] ([codLocalidad], [nombreLocalidad], [codProvincia]) VALUES (1535, N'ABERASTAIN - LA RINCONADA', 17)
INSERT [dbo].[localidad] ([codLocalidad], [nombreLocalidad], [codProvincia]) VALUES (1536, N'ANGUALASTO', 17)
INSERT [dbo].[localidad] ([codLocalidad], [nombreLocalidad], [codProvincia]) VALUES (1537, N'ASTICA', 17)
INSERT [dbo].[localidad] ([codLocalidad], [nombreLocalidad], [codProvincia]) VALUES (1538, N'BALDES DEL ROSARIO', 17)
INSERT [dbo].[localidad] ([codLocalidad], [nombreLocalidad], [codProvincia]) VALUES (1539, N'BARREAL - PITUIL', 17)
INSERT [dbo].[localidad] ([codLocalidad], [nombreLocalidad], [codProvincia]) VALUES (1540, N'BARRIO RUTA 40', 17)
INSERT [dbo].[localidad] ([codLocalidad], [nombreLocalidad], [codProvincia]) VALUES (1541, N'BELLA VISTA', 17)
INSERT [dbo].[localidad] ([codLocalidad], [nombreLocalidad], [codProvincia]) VALUES (1542, N'BERMEJO', 17)
INSERT [dbo].[localidad] ([codLocalidad], [nombreLocalidad], [codProvincia]) VALUES (1543, N'CALINGASTA', 17)
INSERT [dbo].[localidad] ([codLocalidad], [nombreLocalidad], [codProvincia]) VALUES (1544, N'CAÑADA HONDA', 17)
INSERT [dbo].[localidad] ([codLocalidad], [nombreLocalidad], [codProvincia]) VALUES (1545, N'CARPINTERÍA', 17)
INSERT [dbo].[localidad] ([codLocalidad], [nombreLocalidad], [codProvincia]) VALUES (1546, N'CAUCETE', 17)
INSERT [dbo].[localidad] ([codLocalidad], [nombreLocalidad], [codProvincia]) VALUES (1547, N'CHUCUMA', 17)
INSERT [dbo].[localidad] ([codLocalidad], [nombreLocalidad], [codProvincia]) VALUES (1548, N'CIENAGUITA', 17)
INSERT [dbo].[localidad] ([codLocalidad], [nombreLocalidad], [codProvincia]) VALUES (1549, N'COLONIA FIORITO', 17)
INSERT [dbo].[localidad] ([codLocalidad], [nombreLocalidad], [codProvincia]) VALUES (1550, N'COLONIA FISCAL', 17)
INSERT [dbo].[localidad] ([codLocalidad], [nombreLocalidad], [codProvincia]) VALUES (1551, N'DIVISADERO', 17)
INSERT [dbo].[localidad] ([codLocalidad], [nombreLocalidad], [codProvincia]) VALUES (1552, N'DIVISADERO', 17)
INSERT [dbo].[localidad] ([codLocalidad], [nombreLocalidad], [codProvincia]) VALUES (1553, N'DOS ACEQUIAS', 17)
INSERT [dbo].[localidad] ([codLocalidad], [nombreLocalidad], [codProvincia]) VALUES (1554, N'EL ENCÓN', 17)
INSERT [dbo].[localidad] ([codLocalidad], [nombreLocalidad], [codProvincia]) VALUES (1555, N'EL RINCÓN', 17)
INSERT [dbo].[localidad] ([codLocalidad], [nombreLocalidad], [codProvincia]) VALUES (1556, N'EL RINCÓN', 17)
INSERT [dbo].[localidad] ([codLocalidad], [nombreLocalidad], [codProvincia]) VALUES (1557, N'GENERAL SAN MARTÍN - CAMPO AFUERA', 17)
INSERT [dbo].[localidad] ([codLocalidad], [nombreLocalidad], [codProvincia]) VALUES (1558, N'GRAN CHINA', 17)
INSERT [dbo].[localidad] ([codLocalidad], [nombreLocalidad], [codProvincia]) VALUES (1559, N'GUANACACHE', 17)
INSERT [dbo].[localidad] ([codLocalidad], [nombreLocalidad], [codProvincia]) VALUES (1560, N'HUACO', 17)
INSERT [dbo].[localidad] ([codLocalidad], [nombreLocalidad], [codProvincia]) VALUES (1561, N'IGLESIA', 17)
INSERT [dbo].[localidad] ([codLocalidad], [nombreLocalidad], [codProvincia]) VALUES (1562, N'LAS CHACRITAS', 17)
INSERT [dbo].[localidad] ([codLocalidad], [nombreLocalidad], [codProvincia]) VALUES (1563, N'LAS FLORES', 17)
INSERT [dbo].[localidad] ([codLocalidad], [nombreLocalidad], [codProvincia]) VALUES (1564, N'LAS LAGUNAS', 17)
INSERT [dbo].[localidad] ([codLocalidad], [nombreLocalidad], [codProvincia]) VALUES (1565, N'LAS TALAS - LOS MÉDANOS', 17)
INSERT [dbo].[localidad] ([codLocalidad], [nombreLocalidad], [codProvincia]) VALUES (1566, N'LAS TAPIAS', 17)
INSERT [dbo].[localidad] ([codLocalidad], [nombreLocalidad], [codProvincia]) VALUES (1567, N'LOS BALDECITOS', 17)
INSERT [dbo].[localidad] ([codLocalidad], [nombreLocalidad], [codProvincia]) VALUES (1568, N'LOS BERROS', 17)
INSERT [dbo].[localidad] ([codLocalidad], [nombreLocalidad], [codProvincia]) VALUES (1569, N'MEDIA AGUA', 17)
INSERT [dbo].[localidad] ([codLocalidad], [nombreLocalidad], [codProvincia]) VALUES (1570, N'MOGNA', 17)
INSERT [dbo].[localidad] ([codLocalidad], [nombreLocalidad], [codProvincia]) VALUES (1571, N'NIQUIVIL', 17)
INSERT [dbo].[localidad] ([codLocalidad], [nombreLocalidad], [codProvincia]) VALUES (1572, N'PAMPA VIEJA - EL FISCAL', 17)
INSERT [dbo].[localidad] ([codLocalidad], [nombreLocalidad], [codProvincia]) VALUES (1573, N'PEDERNAL', 17)
INSERT [dbo].[localidad] ([codLocalidad], [nombreLocalidad], [codProvincia]) VALUES (1574, N'PIE DE PALO', 17)
INSERT [dbo].[localidad] ([codLocalidad], [nombreLocalidad], [codProvincia]) VALUES (1575, N'PISMANTA', 17)
INSERT [dbo].[localidad] ([codLocalidad], [nombreLocalidad], [codProvincia]) VALUES (1576, N'PUNTA DEL MÉDANO', 17)
INSERT [dbo].[localidad] ([codLocalidad], [nombreLocalidad], [codProvincia]) VALUES (1577, N'QUINTO CUARTEL', 17)
INSERT [dbo].[localidad] ([codLocalidad], [nombreLocalidad], [codProvincia]) VALUES (1578, N'RODEO', 17)
INSERT [dbo].[localidad] ([codLocalidad], [nombreLocalidad], [codProvincia]) VALUES (1579, N'SADOP', 17)
INSERT [dbo].[localidad] ([codLocalidad], [nombreLocalidad], [codProvincia]) VALUES (1580, N'SAN ISIDRO', 17)
INSERT [dbo].[localidad] ([codLocalidad], [nombreLocalidad], [codProvincia]) VALUES (1581, N'SAN ISIDRO', 17)
INSERT [dbo].[localidad] ([codLocalidad], [nombreLocalidad], [codProvincia]) VALUES (1582, N'SAN JOSÉ DE JÁCHAL', 17)
INSERT [dbo].[localidad] ([codLocalidad], [nombreLocalidad], [codProvincia]) VALUES (1583, N'SAN JUAN', 17)
INSERT [dbo].[localidad] ([codLocalidad], [nombreLocalidad], [codProvincia]) VALUES (1584, N'SAN MARTÍN', 17)
INSERT [dbo].[localidad] ([codLocalidad], [nombreLocalidad], [codProvincia]) VALUES (1585, N'SANTA ROSA', 17)
INSERT [dbo].[localidad] ([codLocalidad], [nombreLocalidad], [codProvincia]) VALUES (1586, N'TAMBERÍAS', 17)
INSERT [dbo].[localidad] ([codLocalidad], [nombreLocalidad], [codProvincia]) VALUES (1587, N'TAMBERÍAS', 17)
INSERT [dbo].[localidad] ([codLocalidad], [nombreLocalidad], [codProvincia]) VALUES (1588, N'TUDCUM', 17)
INSERT [dbo].[localidad] ([codLocalidad], [nombreLocalidad], [codProvincia]) VALUES (1589, N'TUPELÍ', 17)
INSERT [dbo].[localidad] ([codLocalidad], [nombreLocalidad], [codProvincia]) VALUES (1590, N'USNO', 17)
INSERT [dbo].[localidad] ([codLocalidad], [nombreLocalidad], [codProvincia]) VALUES (1591, N'VALLECITO', 17)
INSERT [dbo].[localidad] ([codLocalidad], [nombreLocalidad], [codProvincia]) VALUES (1592, N'VILLA BASILIO NIEVAS', 17)
INSERT [dbo].[localidad] ([codLocalidad], [nombreLocalidad], [codProvincia]) VALUES (1593, N'VILLA BORJAS - LA CHIMBERA', 17)
INSERT [dbo].[localidad] ([codLocalidad], [nombreLocalidad], [codProvincia]) VALUES (1594, N'VILLA CENTENARIO', 17)
INSERT [dbo].[localidad] ([codLocalidad], [nombreLocalidad], [codProvincia]) VALUES (1595, N'VILLA DOMINGUITO', 17)
INSERT [dbo].[localidad] ([codLocalidad], [nombreLocalidad], [codProvincia]) VALUES (1596, N'VILLA DON BOSCO', 17)
INSERT [dbo].[localidad] ([codLocalidad], [nombreLocalidad], [codProvincia]) VALUES (1597, N'VILLA EL SALVADOR - SEFAIR TALACASTO', 17)
INSERT [dbo].[localidad] ([codLocalidad], [nombreLocalidad], [codProvincia]) VALUES (1598, N'VILLA EL TANGO', 17)
INSERT [dbo].[localidad] ([codLocalidad], [nombreLocalidad], [codProvincia]) VALUES (1599, N'VILLA IBÁÑEZ', 17)
GO
INSERT [dbo].[localidad] ([codLocalidad], [nombreLocalidad], [codProvincia]) VALUES (1600, N'VILLA INDEPENDENCIA', 17)
INSERT [dbo].[localidad] ([codLocalidad], [nombreLocalidad], [codProvincia]) VALUES (1601, N'VILLA MALVINAS ARGENTINAS', 17)
INSERT [dbo].[localidad] ([codLocalidad], [nombreLocalidad], [codProvincia]) VALUES (1602, N'VILLA MERCEDES', 17)
INSERT [dbo].[localidad] ([codLocalidad], [nombreLocalidad], [codProvincia]) VALUES (1603, N'VILLA SAN AGUSTÍN', 17)
INSERT [dbo].[localidad] ([codLocalidad], [nombreLocalidad], [codProvincia]) VALUES (1604, N'VILLA TACÚ', 17)
INSERT [dbo].[localidad] ([codLocalidad], [nombreLocalidad], [codProvincia]) VALUES (1605, N'ALTO PELADO', 18)
INSERT [dbo].[localidad] ([codLocalidad], [nombreLocalidad], [codProvincia]) VALUES (1606, N'ALTO PENCOSO', 18)
INSERT [dbo].[localidad] ([codLocalidad], [nombreLocalidad], [codProvincia]) VALUES (1607, N'ANCHORENA', 18)
INSERT [dbo].[localidad] ([codLocalidad], [nombreLocalidad], [codProvincia]) VALUES (1608, N'ARIZONA', 18)
INSERT [dbo].[localidad] ([codLocalidad], [nombreLocalidad], [codProvincia]) VALUES (1609, N'BAGUAL', 18)
INSERT [dbo].[localidad] ([codLocalidad], [nombreLocalidad], [codProvincia]) VALUES (1610, N'BALDE', 18)
INSERT [dbo].[localidad] ([codLocalidad], [nombreLocalidad], [codProvincia]) VALUES (1611, N'BATAVIA', 18)
INSERT [dbo].[localidad] ([codLocalidad], [nombreLocalidad], [codProvincia]) VALUES (1612, N'BEAZLEY', 18)
INSERT [dbo].[localidad] ([codLocalidad], [nombreLocalidad], [codProvincia]) VALUES (1613, N'BUENA ESPERANZA', 18)
INSERT [dbo].[localidad] ([codLocalidad], [nombreLocalidad], [codProvincia]) VALUES (1614, N'CANDELARIA', 18)
INSERT [dbo].[localidad] ([codLocalidad], [nombreLocalidad], [codProvincia]) VALUES (1615, N'CAPITAL (SAN LUIS)', 18)
INSERT [dbo].[localidad] ([codLocalidad], [nombreLocalidad], [codProvincia]) VALUES (1616, N'CAROLINA', 18)
INSERT [dbo].[localidad] ([codLocalidad], [nombreLocalidad], [codProvincia]) VALUES (1617, N'CARPINTERÍA', 18)
INSERT [dbo].[localidad] ([codLocalidad], [nombreLocalidad], [codProvincia]) VALUES (1618, N'CONCARÁN', 18)
INSERT [dbo].[localidad] ([codLocalidad], [nombreLocalidad], [codProvincia]) VALUES (1619, N'CORTADERAS', 18)
INSERT [dbo].[localidad] ([codLocalidad], [nombreLocalidad], [codProvincia]) VALUES (1620, N'EL MORRO', 18)
INSERT [dbo].[localidad] ([codLocalidad], [nombreLocalidad], [codProvincia]) VALUES (1621, N'EL TRAPICHE', 18)
INSERT [dbo].[localidad] ([codLocalidad], [nombreLocalidad], [codProvincia]) VALUES (1622, N'EL VOLCÁN', 18)
INSERT [dbo].[localidad] ([codLocalidad], [nombreLocalidad], [codProvincia]) VALUES (1623, N'FORTÍN EL PATRIA', 18)
INSERT [dbo].[localidad] ([codLocalidad], [nombreLocalidad], [codProvincia]) VALUES (1624, N'FORTUNA', 18)
INSERT [dbo].[localidad] ([codLocalidad], [nombreLocalidad], [codProvincia]) VALUES (1625, N'FRAGA', 18)
INSERT [dbo].[localidad] ([codLocalidad], [nombreLocalidad], [codProvincia]) VALUES (1626, N'JUAN JORBA', 18)
INSERT [dbo].[localidad] ([codLocalidad], [nombreLocalidad], [codProvincia]) VALUES (1627, N'JUAN LLERENA', 18)
INSERT [dbo].[localidad] ([codLocalidad], [nombreLocalidad], [codProvincia]) VALUES (1628, N'JUANA KOSLAY', 18)
INSERT [dbo].[localidad] ([codLocalidad], [nombreLocalidad], [codProvincia]) VALUES (1629, N'JUSTO DARACT', 18)
INSERT [dbo].[localidad] ([codLocalidad], [nombreLocalidad], [codProvincia]) VALUES (1630, N'LA CALERA', 18)
INSERT [dbo].[localidad] ([codLocalidad], [nombreLocalidad], [codProvincia]) VALUES (1631, N'LA FLORIDA', 18)
INSERT [dbo].[localidad] ([codLocalidad], [nombreLocalidad], [codProvincia]) VALUES (1632, N'LA PUNILLA', 18)
INSERT [dbo].[localidad] ([codLocalidad], [nombreLocalidad], [codProvincia]) VALUES (1633, N'LA TOMA', 18)
INSERT [dbo].[localidad] ([codLocalidad], [nombreLocalidad], [codProvincia]) VALUES (1634, N'LAFINUR', 18)
INSERT [dbo].[localidad] ([codLocalidad], [nombreLocalidad], [codProvincia]) VALUES (1635, N'LAS AGUADAS', 18)
INSERT [dbo].[localidad] ([codLocalidad], [nombreLocalidad], [codProvincia]) VALUES (1636, N'LAS CHACRAS', 18)
INSERT [dbo].[localidad] ([codLocalidad], [nombreLocalidad], [codProvincia]) VALUES (1637, N'LAS LAGUNAS', 18)
INSERT [dbo].[localidad] ([codLocalidad], [nombreLocalidad], [codProvincia]) VALUES (1638, N'LAS VERTIENTES', 18)
INSERT [dbo].[localidad] ([codLocalidad], [nombreLocalidad], [codProvincia]) VALUES (1639, N'LAVAISSE', 18)
INSERT [dbo].[localidad] ([codLocalidad], [nombreLocalidad], [codProvincia]) VALUES (1640, N'LEANDRO N. ALEM', 18)
INSERT [dbo].[localidad] ([codLocalidad], [nombreLocalidad], [codProvincia]) VALUES (1641, N'LOS MOLLES', 18)
INSERT [dbo].[localidad] ([codLocalidad], [nombreLocalidad], [codProvincia]) VALUES (1642, N'LUJÁN', 18)
INSERT [dbo].[localidad] ([codLocalidad], [nombreLocalidad], [codProvincia]) VALUES (1643, N'MERCEDES', 18)
INSERT [dbo].[localidad] ([codLocalidad], [nombreLocalidad], [codProvincia]) VALUES (1644, N'MERLO', 18)
INSERT [dbo].[localidad] ([codLocalidad], [nombreLocalidad], [codProvincia]) VALUES (1645, N'NASCHEL', 18)
INSERT [dbo].[localidad] ([codLocalidad], [nombreLocalidad], [codProvincia]) VALUES (1646, N'NAVIA', 18)
INSERT [dbo].[localidad] ([codLocalidad], [nombreLocalidad], [codProvincia]) VALUES (1647, N'NOGOLÍ', 18)
INSERT [dbo].[localidad] ([codLocalidad], [nombreLocalidad], [codProvincia]) VALUES (1648, N'NUEVA GALIA', 18)
INSERT [dbo].[localidad] ([codLocalidad], [nombreLocalidad], [codProvincia]) VALUES (1649, N'PAPAGAYOS', 18)
INSERT [dbo].[localidad] ([codLocalidad], [nombreLocalidad], [codProvincia]) VALUES (1650, N'PASO GRANDE', 18)
INSERT [dbo].[localidad] ([codLocalidad], [nombreLocalidad], [codProvincia]) VALUES (1651, N'POTRERO DE LOS FUNES', 18)
INSERT [dbo].[localidad] ([codLocalidad], [nombreLocalidad], [codProvincia]) VALUES (1652, N'QUINES', 18)
INSERT [dbo].[localidad] ([codLocalidad], [nombreLocalidad], [codProvincia]) VALUES (1653, N'RENCA', 18)
INSERT [dbo].[localidad] ([codLocalidad], [nombreLocalidad], [codProvincia]) VALUES (1654, N'SALADILLO', 18)
INSERT [dbo].[localidad] ([codLocalidad], [nombreLocalidad], [codProvincia]) VALUES (1655, N'SAN FRANCISCO', 18)
INSERT [dbo].[localidad] ([codLocalidad], [nombreLocalidad], [codProvincia]) VALUES (1656, N'SAN GERÓNIMO', 18)
INSERT [dbo].[localidad] ([codLocalidad], [nombreLocalidad], [codProvincia]) VALUES (1657, N'SAN MARTÍN', 18)
INSERT [dbo].[localidad] ([codLocalidad], [nombreLocalidad], [codProvincia]) VALUES (1658, N'SAN PABLO', 18)
INSERT [dbo].[localidad] ([codLocalidad], [nombreLocalidad], [codProvincia]) VALUES (1659, N'SANTA ROSA DE CONLARA', 18)
INSERT [dbo].[localidad] ([codLocalidad], [nombreLocalidad], [codProvincia]) VALUES (1660, N'TALITA', 18)
INSERT [dbo].[localidad] ([codLocalidad], [nombreLocalidad], [codProvincia]) VALUES (1661, N'TILISARAO', 18)
INSERT [dbo].[localidad] ([codLocalidad], [nombreLocalidad], [codProvincia]) VALUES (1662, N'UNIÓN', 18)
INSERT [dbo].[localidad] ([codLocalidad], [nombreLocalidad], [codProvincia]) VALUES (1663, N'VILLA DE LA QUEBRADA', 18)
INSERT [dbo].[localidad] ([codLocalidad], [nombreLocalidad], [codProvincia]) VALUES (1664, N'VILLA DE PRAGA', 18)
INSERT [dbo].[localidad] ([codLocalidad], [nombreLocalidad], [codProvincia]) VALUES (1665, N'VILLA DEL CARMEN', 18)
INSERT [dbo].[localidad] ([codLocalidad], [nombreLocalidad], [codProvincia]) VALUES (1666, N'VILLA GENERAL ROCA', 18)
INSERT [dbo].[localidad] ([codLocalidad], [nombreLocalidad], [codProvincia]) VALUES (1667, N'VILLA LARCA', 18)
INSERT [dbo].[localidad] ([codLocalidad], [nombreLocalidad], [codProvincia]) VALUES (1668, N'VILLA MERCEDES', 18)
INSERT [dbo].[localidad] ([codLocalidad], [nombreLocalidad], [codProvincia]) VALUES (1669, N'ZANJITAS', 18)
INSERT [dbo].[localidad] ([codLocalidad], [nombreLocalidad], [codProvincia]) VALUES (1670, N'BAJO CARACOLES', 19)
INSERT [dbo].[localidad] ([codLocalidad], [nombreLocalidad], [codProvincia]) VALUES (1671, N'CALETA OLIVIA', 19)
INSERT [dbo].[localidad] ([codLocalidad], [nombreLocalidad], [codProvincia]) VALUES (1672, N'CAÑADÓN SECO', 19)
INSERT [dbo].[localidad] ([codLocalidad], [nombreLocalidad], [codProvincia]) VALUES (1673, N'COMANDANTE LUIS PIEDRABUENA', 19)
INSERT [dbo].[localidad] ([codLocalidad], [nombreLocalidad], [codProvincia]) VALUES (1674, N'EL CALAFATE', 19)
INSERT [dbo].[localidad] ([codLocalidad], [nombreLocalidad], [codProvincia]) VALUES (1675, N'EL CHALTÉN', 19)
INSERT [dbo].[localidad] ([codLocalidad], [nombreLocalidad], [codProvincia]) VALUES (1676, N'EL TURBIO', 19)
INSERT [dbo].[localidad] ([codLocalidad], [nombreLocalidad], [codProvincia]) VALUES (1677, N'ESPERANZA', 19)
INSERT [dbo].[localidad] ([codLocalidad], [nombreLocalidad], [codProvincia]) VALUES (1678, N'FITZ ROY', 19)
INSERT [dbo].[localidad] ([codLocalidad], [nombreLocalidad], [codProvincia]) VALUES (1679, N'GOBERNADOR GREGORES', 19)
INSERT [dbo].[localidad] ([codLocalidad], [nombreLocalidad], [codProvincia]) VALUES (1680, N'HIPÓLITO YRIGOYEN', 19)
INSERT [dbo].[localidad] ([codLocalidad], [nombreLocalidad], [codProvincia]) VALUES (1681, N'JARAMILLO', 19)
INSERT [dbo].[localidad] ([codLocalidad], [nombreLocalidad], [codProvincia]) VALUES (1682, N'JULIA DUFOUR', 19)
INSERT [dbo].[localidad] ([codLocalidad], [nombreLocalidad], [codProvincia]) VALUES (1683, N'KOLUEL KAIKE', 19)
INSERT [dbo].[localidad] ([codLocalidad], [nombreLocalidad], [codProvincia]) VALUES (1684, N'LAS HERAS', 19)
INSERT [dbo].[localidad] ([codLocalidad], [nombreLocalidad], [codProvincia]) VALUES (1685, N'LOS ANTIGUOS', 19)
INSERT [dbo].[localidad] ([codLocalidad], [nombreLocalidad], [codProvincia]) VALUES (1686, N'MINA 3', 19)
INSERT [dbo].[localidad] ([codLocalidad], [nombreLocalidad], [codProvincia]) VALUES (1687, N'PERITO MORENO', 19)
INSERT [dbo].[localidad] ([codLocalidad], [nombreLocalidad], [codProvincia]) VALUES (1688, N'PICO TRUNCADO', 19)
INSERT [dbo].[localidad] ([codLocalidad], [nombreLocalidad], [codProvincia]) VALUES (1689, N'PUERTO DESEADO', 19)
INSERT [dbo].[localidad] ([codLocalidad], [nombreLocalidad], [codProvincia]) VALUES (1690, N'PUERTO SAN JULIÁN', 19)
INSERT [dbo].[localidad] ([codLocalidad], [nombreLocalidad], [codProvincia]) VALUES (1691, N'PUERTO SANTA CRUZ', 19)
INSERT [dbo].[localidad] ([codLocalidad], [nombreLocalidad], [codProvincia]) VALUES (1692, N'RÍO GALLEGOS', 19)
INSERT [dbo].[localidad] ([codLocalidad], [nombreLocalidad], [codProvincia]) VALUES (1693, N'RÍO TURBIO', 19)
INSERT [dbo].[localidad] ([codLocalidad], [nombreLocalidad], [codProvincia]) VALUES (1694, N'ROSPENTEK', 19)
INSERT [dbo].[localidad] ([codLocalidad], [nombreLocalidad], [codProvincia]) VALUES (1695, N'TRES CERROS', 19)
INSERT [dbo].[localidad] ([codLocalidad], [nombreLocalidad], [codProvincia]) VALUES (1696, N'TRES LAGOS', 19)
INSERT [dbo].[localidad] ([codLocalidad], [nombreLocalidad], [codProvincia]) VALUES (1697, N'VEINTIOCHO DE NOVIEMBRE', 19)
INSERT [dbo].[localidad] ([codLocalidad], [nombreLocalidad], [codProvincia]) VALUES (1698, N'AARÓN CASTELLANOS', 20)
INSERT [dbo].[localidad] ([codLocalidad], [nombreLocalidad], [codProvincia]) VALUES (1699, N'ACEBAL', 20)
GO
INSERT [dbo].[localidad] ([codLocalidad], [nombreLocalidad], [codProvincia]) VALUES (1700, N'AGUARÁ GRANDE', 20)
INSERT [dbo].[localidad] ([codLocalidad], [nombreLocalidad], [codProvincia]) VALUES (1701, N'ALBARELLOS', 20)
INSERT [dbo].[localidad] ([codLocalidad], [nombreLocalidad], [codProvincia]) VALUES (1702, N'ALCORTA', 20)
INSERT [dbo].[localidad] ([codLocalidad], [nombreLocalidad], [codProvincia]) VALUES (1703, N'ALDAO', 20)
INSERT [dbo].[localidad] ([codLocalidad], [nombreLocalidad], [codProvincia]) VALUES (1704, N'ALEJANDRA', 20)
INSERT [dbo].[localidad] ([codLocalidad], [nombreLocalidad], [codProvincia]) VALUES (1705, N'ÁLVAREZ', 20)
INSERT [dbo].[localidad] ([codLocalidad], [nombreLocalidad], [codProvincia]) VALUES (1706, N'AMBROSETTI', 20)
INSERT [dbo].[localidad] ([codLocalidad], [nombreLocalidad], [codProvincia]) VALUES (1707, N'AMENÁBAR', 20)
INSERT [dbo].[localidad] ([codLocalidad], [nombreLocalidad], [codProvincia]) VALUES (1708, N'ANGÉLICA', 20)
INSERT [dbo].[localidad] ([codLocalidad], [nombreLocalidad], [codProvincia]) VALUES (1709, N'ANGELONI', 20)
INSERT [dbo].[localidad] ([codLocalidad], [nombreLocalidad], [codProvincia]) VALUES (1710, N'AREQUITO', 20)
INSERT [dbo].[localidad] ([codLocalidad], [nombreLocalidad], [codProvincia]) VALUES (1711, N'ARMINDA', 20)
INSERT [dbo].[localidad] ([codLocalidad], [nombreLocalidad], [codProvincia]) VALUES (1712, N'ARMSTRONG', 20)
INSERT [dbo].[localidad] ([codLocalidad], [nombreLocalidad], [codProvincia]) VALUES (1713, N'AROCENA', 20)
INSERT [dbo].[localidad] ([codLocalidad], [nombreLocalidad], [codProvincia]) VALUES (1714, N'ARROYO AGUIAR', 20)
INSERT [dbo].[localidad] ([codLocalidad], [nombreLocalidad], [codProvincia]) VALUES (1715, N'ARROYO CEIBAL', 20)
INSERT [dbo].[localidad] ([codLocalidad], [nombreLocalidad], [codProvincia]) VALUES (1716, N'ARROYO LEYES', 20)
INSERT [dbo].[localidad] ([codLocalidad], [nombreLocalidad], [codProvincia]) VALUES (1717, N'ARROYO SECO', 20)
INSERT [dbo].[localidad] ([codLocalidad], [nombreLocalidad], [codProvincia]) VALUES (1718, N'ARRUFÓ', 20)
INSERT [dbo].[localidad] ([codLocalidad], [nombreLocalidad], [codProvincia]) VALUES (1719, N'ARTEAGA', 20)
INSERT [dbo].[localidad] ([codLocalidad], [nombreLocalidad], [codProvincia]) VALUES (1720, N'ATALIVA', 20)
INSERT [dbo].[localidad] ([codLocalidad], [nombreLocalidad], [codProvincia]) VALUES (1721, N'AURELIA', 20)
INSERT [dbo].[localidad] ([codLocalidad], [nombreLocalidad], [codProvincia]) VALUES (1722, N'AVELLANEDA', 20)
INSERT [dbo].[localidad] ([codLocalidad], [nombreLocalidad], [codProvincia]) VALUES (1723, N'BARRANCAS', 20)
INSERT [dbo].[localidad] ([codLocalidad], [nombreLocalidad], [codProvincia]) VALUES (1724, N'BAUER Y SIGEL', 20)
INSERT [dbo].[localidad] ([codLocalidad], [nombreLocalidad], [codProvincia]) VALUES (1725, N'BELLA ITALIA', 20)
INSERT [dbo].[localidad] ([codLocalidad], [nombreLocalidad], [codProvincia]) VALUES (1726, N'BERABEVÚ', 20)
INSERT [dbo].[localidad] ([codLocalidad], [nombreLocalidad], [codProvincia]) VALUES (1727, N'BERNA', 20)
INSERT [dbo].[localidad] ([codLocalidad], [nombreLocalidad], [codProvincia]) VALUES (1728, N'BERNARDO DE IRIGOYEN', 20)
INSERT [dbo].[localidad] ([codLocalidad], [nombreLocalidad], [codProvincia]) VALUES (1729, N'BIGAND', 20)
INSERT [dbo].[localidad] ([codLocalidad], [nombreLocalidad], [codProvincia]) VALUES (1730, N'BOMBAL', 20)
INSERT [dbo].[localidad] ([codLocalidad], [nombreLocalidad], [codProvincia]) VALUES (1731, N'BOUQUET', 20)
INSERT [dbo].[localidad] ([codLocalidad], [nombreLocalidad], [codProvincia]) VALUES (1732, N'BUSTINZA', 20)
INSERT [dbo].[localidad] ([codLocalidad], [nombreLocalidad], [codProvincia]) VALUES (1733, N'CABAL', 20)
INSERT [dbo].[localidad] ([codLocalidad], [nombreLocalidad], [codProvincia]) VALUES (1734, N'CACIQUE ARIACAIQUIN', 20)
INSERT [dbo].[localidad] ([codLocalidad], [nombreLocalidad], [codProvincia]) VALUES (1735, N'CAFFERATA', 20)
INSERT [dbo].[localidad] ([codLocalidad], [nombreLocalidad], [codProvincia]) VALUES (1736, N'CALCHAQUÍ', 20)
INSERT [dbo].[localidad] ([codLocalidad], [nombreLocalidad], [codProvincia]) VALUES (1737, N'CAMPO ANDINO', 20)
INSERT [dbo].[localidad] ([codLocalidad], [nombreLocalidad], [codProvincia]) VALUES (1738, N'CAMPO PIAGGIO', 20)
INSERT [dbo].[localidad] ([codLocalidad], [nombreLocalidad], [codProvincia]) VALUES (1739, N'CAÑADA DE GÓMEZ', 20)
INSERT [dbo].[localidad] ([codLocalidad], [nombreLocalidad], [codProvincia]) VALUES (1740, N'CAÑADA DEL UCLE', 20)
INSERT [dbo].[localidad] ([codLocalidad], [nombreLocalidad], [codProvincia]) VALUES (1741, N'CAÑADA RICA', 20)
INSERT [dbo].[localidad] ([codLocalidad], [nombreLocalidad], [codProvincia]) VALUES (1742, N'CAÑADA ROSQUÍN', 20)
INSERT [dbo].[localidad] ([codLocalidad], [nombreLocalidad], [codProvincia]) VALUES (1743, N'CANDIOTI', 20)
INSERT [dbo].[localidad] ([codLocalidad], [nombreLocalidad], [codProvincia]) VALUES (1744, N'CAPITAL (SANTA FE)', 20)
INSERT [dbo].[localidad] ([codLocalidad], [nombreLocalidad], [codProvincia]) VALUES (1745, N'CAPITÁN BERMÚDEZ', 20)
INSERT [dbo].[localidad] ([codLocalidad], [nombreLocalidad], [codProvincia]) VALUES (1746, N'CAPIVARA', 20)
INSERT [dbo].[localidad] ([codLocalidad], [nombreLocalidad], [codProvincia]) VALUES (1747, N'CARCARAÑÁ', 20)
INSERT [dbo].[localidad] ([codLocalidad], [nombreLocalidad], [codProvincia]) VALUES (1748, N'CARLOS PELLEGRINI', 20)
INSERT [dbo].[localidad] ([codLocalidad], [nombreLocalidad], [codProvincia]) VALUES (1749, N'CARMEN', 20)
INSERT [dbo].[localidad] ([codLocalidad], [nombreLocalidad], [codProvincia]) VALUES (1750, N'CARMEN DEL SAUCE', 20)
INSERT [dbo].[localidad] ([codLocalidad], [nombreLocalidad], [codProvincia]) VALUES (1751, N'CARRERAS', 20)
INSERT [dbo].[localidad] ([codLocalidad], [nombreLocalidad], [codProvincia]) VALUES (1752, N'CARRIZALES', 20)
INSERT [dbo].[localidad] ([codLocalidad], [nombreLocalidad], [codProvincia]) VALUES (1753, N'CASALEGNO', 20)
INSERT [dbo].[localidad] ([codLocalidad], [nombreLocalidad], [codProvincia]) VALUES (1754, N'CASAS', 20)
INSERT [dbo].[localidad] ([codLocalidad], [nombreLocalidad], [codProvincia]) VALUES (1755, N'CASILDA', 20)
INSERT [dbo].[localidad] ([codLocalidad], [nombreLocalidad], [codProvincia]) VALUES (1756, N'CASTELAR', 20)
INSERT [dbo].[localidad] ([codLocalidad], [nombreLocalidad], [codProvincia]) VALUES (1757, N'CASTELLANOS', 20)
INSERT [dbo].[localidad] ([codLocalidad], [nombreLocalidad], [codProvincia]) VALUES (1758, N'CAYASTÁ', 20)
INSERT [dbo].[localidad] ([codLocalidad], [nombreLocalidad], [codProvincia]) VALUES (1759, N'CAYASTACITO', 20)
INSERT [dbo].[localidad] ([codLocalidad], [nombreLocalidad], [codProvincia]) VALUES (1760, N'CENTENO', 20)
INSERT [dbo].[localidad] ([codLocalidad], [nombreLocalidad], [codProvincia]) VALUES (1761, N'CEPEDA', 20)
INSERT [dbo].[localidad] ([codLocalidad], [nombreLocalidad], [codProvincia]) VALUES (1762, N'CERES', 20)
INSERT [dbo].[localidad] ([codLocalidad], [nombreLocalidad], [codProvincia]) VALUES (1763, N'CHABÁS', 20)
INSERT [dbo].[localidad] ([codLocalidad], [nombreLocalidad], [codProvincia]) VALUES (1764, N'CHAÑAR LADEADO', 20)
INSERT [dbo].[localidad] ([codLocalidad], [nombreLocalidad], [codProvincia]) VALUES (1765, N'CHAPUY', 20)
INSERT [dbo].[localidad] ([codLocalidad], [nombreLocalidad], [codProvincia]) VALUES (1766, N'CHOVET', 20)
INSERT [dbo].[localidad] ([codLocalidad], [nombreLocalidad], [codProvincia]) VALUES (1767, N'CHRISTOPHERSEN', 20)
INSERT [dbo].[localidad] ([codLocalidad], [nombreLocalidad], [codProvincia]) VALUES (1768, N'CLASSON', 20)
INSERT [dbo].[localidad] ([codLocalidad], [nombreLocalidad], [codProvincia]) VALUES (1769, N'CNEL. ARNOLD', 20)
INSERT [dbo].[localidad] ([codLocalidad], [nombreLocalidad], [codProvincia]) VALUES (1770, N'CNEL. BOGADO', 20)
INSERT [dbo].[localidad] ([codLocalidad], [nombreLocalidad], [codProvincia]) VALUES (1771, N'CNEL. DOMINGUEZ', 20)
INSERT [dbo].[localidad] ([codLocalidad], [nombreLocalidad], [codProvincia]) VALUES (1772, N'CNEL. FRAGA', 20)
INSERT [dbo].[localidad] ([codLocalidad], [nombreLocalidad], [codProvincia]) VALUES (1773, N'COLONIA ALDAO', 20)
INSERT [dbo].[localidad] ([codLocalidad], [nombreLocalidad], [codProvincia]) VALUES (1774, N'COLONIA ANA', 20)
INSERT [dbo].[localidad] ([codLocalidad], [nombreLocalidad], [codProvincia]) VALUES (1775, N'COLONIA BELGRANO', 20)
INSERT [dbo].[localidad] ([codLocalidad], [nombreLocalidad], [codProvincia]) VALUES (1776, N'COLONIA BICHA', 20)
INSERT [dbo].[localidad] ([codLocalidad], [nombreLocalidad], [codProvincia]) VALUES (1777, N'COLONIA BIGAND', 20)
INSERT [dbo].[localidad] ([codLocalidad], [nombreLocalidad], [codProvincia]) VALUES (1778, N'COLONIA BOSSI', 20)
INSERT [dbo].[localidad] ([codLocalidad], [nombreLocalidad], [codProvincia]) VALUES (1779, N'COLONIA CAVOUR', 20)
INSERT [dbo].[localidad] ([codLocalidad], [nombreLocalidad], [codProvincia]) VALUES (1780, N'COLONIA CELLO', 20)
INSERT [dbo].[localidad] ([codLocalidad], [nombreLocalidad], [codProvincia]) VALUES (1781, N'COLONIA DOLORES', 20)
INSERT [dbo].[localidad] ([codLocalidad], [nombreLocalidad], [codProvincia]) VALUES (1782, N'COLONIA DOS ROSAS', 20)
INSERT [dbo].[localidad] ([codLocalidad], [nombreLocalidad], [codProvincia]) VALUES (1783, N'COLONIA DURÁN', 20)
INSERT [dbo].[localidad] ([codLocalidad], [nombreLocalidad], [codProvincia]) VALUES (1784, N'COLONIA ITURRASPE', 20)
INSERT [dbo].[localidad] ([codLocalidad], [nombreLocalidad], [codProvincia]) VALUES (1785, N'COLONIA MARGARITA', 20)
INSERT [dbo].[localidad] ([codLocalidad], [nombreLocalidad], [codProvincia]) VALUES (1786, N'COLONIA MASCIAS', 20)
INSERT [dbo].[localidad] ([codLocalidad], [nombreLocalidad], [codProvincia]) VALUES (1787, N'COLONIA RAQUEL', 20)
INSERT [dbo].[localidad] ([codLocalidad], [nombreLocalidad], [codProvincia]) VALUES (1788, N'COLONIA ROSA', 20)
INSERT [dbo].[localidad] ([codLocalidad], [nombreLocalidad], [codProvincia]) VALUES (1789, N'COLONIA SAN JOSÉ', 20)
INSERT [dbo].[localidad] ([codLocalidad], [nombreLocalidad], [codProvincia]) VALUES (1790, N'CONSTANZA', 20)
INSERT [dbo].[localidad] ([codLocalidad], [nombreLocalidad], [codProvincia]) VALUES (1791, N'CORONDA', 20)
INSERT [dbo].[localidad] ([codLocalidad], [nombreLocalidad], [codProvincia]) VALUES (1792, N'CORREA', 20)
INSERT [dbo].[localidad] ([codLocalidad], [nombreLocalidad], [codProvincia]) VALUES (1793, N'CRISPI', 20)
INSERT [dbo].[localidad] ([codLocalidad], [nombreLocalidad], [codProvincia]) VALUES (1794, N'CULULÚ', 20)
INSERT [dbo].[localidad] ([codLocalidad], [nombreLocalidad], [codProvincia]) VALUES (1795, N'CURUPAYTI', 20)
INSERT [dbo].[localidad] ([codLocalidad], [nombreLocalidad], [codProvincia]) VALUES (1796, N'DESVIO ARIJÓN', 20)
INSERT [dbo].[localidad] ([codLocalidad], [nombreLocalidad], [codProvincia]) VALUES (1797, N'DIAZ', 20)
INSERT [dbo].[localidad] ([codLocalidad], [nombreLocalidad], [codProvincia]) VALUES (1798, N'DIEGO DE ALVEAR', 20)
INSERT [dbo].[localidad] ([codLocalidad], [nombreLocalidad], [codProvincia]) VALUES (1799, N'EGUSQUIZA', 20)
GO
INSERT [dbo].[localidad] ([codLocalidad], [nombreLocalidad], [codProvincia]) VALUES (1800, N'EL ARAZÁ', 20)
INSERT [dbo].[localidad] ([codLocalidad], [nombreLocalidad], [codProvincia]) VALUES (1801, N'EL RABÓN', 20)
INSERT [dbo].[localidad] ([codLocalidad], [nombreLocalidad], [codProvincia]) VALUES (1802, N'EL SOMBRERITO', 20)
INSERT [dbo].[localidad] ([codLocalidad], [nombreLocalidad], [codProvincia]) VALUES (1803, N'EL TRÉBOL', 20)
INSERT [dbo].[localidad] ([codLocalidad], [nombreLocalidad], [codProvincia]) VALUES (1804, N'ELISA', 20)
INSERT [dbo].[localidad] ([codLocalidad], [nombreLocalidad], [codProvincia]) VALUES (1805, N'ELORTONDO', 20)
INSERT [dbo].[localidad] ([codLocalidad], [nombreLocalidad], [codProvincia]) VALUES (1806, N'EMILIA', 20)
INSERT [dbo].[localidad] ([codLocalidad], [nombreLocalidad], [codProvincia]) VALUES (1807, N'EMPALME SAN CARLOS', 20)
INSERT [dbo].[localidad] ([codLocalidad], [nombreLocalidad], [codProvincia]) VALUES (1808, N'EMPALME VILLA CONSTITUCION', 20)
INSERT [dbo].[localidad] ([codLocalidad], [nombreLocalidad], [codProvincia]) VALUES (1809, N'ESMERALDA', 20)
INSERT [dbo].[localidad] ([codLocalidad], [nombreLocalidad], [codProvincia]) VALUES (1810, N'ESPERANZA', 20)
INSERT [dbo].[localidad] ([codLocalidad], [nombreLocalidad], [codProvincia]) VALUES (1811, N'ESTACIÓN ALVEAR', 20)
INSERT [dbo].[localidad] ([codLocalidad], [nombreLocalidad], [codProvincia]) VALUES (1812, N'ESTACION CLUCELLAS', 20)
INSERT [dbo].[localidad] ([codLocalidad], [nombreLocalidad], [codProvincia]) VALUES (1813, N'ESTEBAN RAMS', 20)
INSERT [dbo].[localidad] ([codLocalidad], [nombreLocalidad], [codProvincia]) VALUES (1814, N'ESTHER', 20)
INSERT [dbo].[localidad] ([codLocalidad], [nombreLocalidad], [codProvincia]) VALUES (1815, N'ESUSTOLIA', 20)
INSERT [dbo].[localidad] ([codLocalidad], [nombreLocalidad], [codProvincia]) VALUES (1816, N'EUSEBIA', 20)
INSERT [dbo].[localidad] ([codLocalidad], [nombreLocalidad], [codProvincia]) VALUES (1817, N'FELICIA', 20)
INSERT [dbo].[localidad] ([codLocalidad], [nombreLocalidad], [codProvincia]) VALUES (1818, N'FIDELA', 20)
INSERT [dbo].[localidad] ([codLocalidad], [nombreLocalidad], [codProvincia]) VALUES (1819, N'FIGHIERA', 20)
INSERT [dbo].[localidad] ([codLocalidad], [nombreLocalidad], [codProvincia]) VALUES (1820, N'FIRMAT', 20)
INSERT [dbo].[localidad] ([codLocalidad], [nombreLocalidad], [codProvincia]) VALUES (1821, N'FLORENCIA', 20)
INSERT [dbo].[localidad] ([codLocalidad], [nombreLocalidad], [codProvincia]) VALUES (1822, N'FORTÍN OLMOS', 20)
INSERT [dbo].[localidad] ([codLocalidad], [nombreLocalidad], [codProvincia]) VALUES (1823, N'FRANCK', 20)
INSERT [dbo].[localidad] ([codLocalidad], [nombreLocalidad], [codProvincia]) VALUES (1824, N'FRAY LUIS BELTRÁN', 20)
INSERT [dbo].[localidad] ([codLocalidad], [nombreLocalidad], [codProvincia]) VALUES (1825, N'FRONTERA', 20)
INSERT [dbo].[localidad] ([codLocalidad], [nombreLocalidad], [codProvincia]) VALUES (1826, N'FUENTES', 20)
INSERT [dbo].[localidad] ([codLocalidad], [nombreLocalidad], [codProvincia]) VALUES (1827, N'FUNES', 20)
INSERT [dbo].[localidad] ([codLocalidad], [nombreLocalidad], [codProvincia]) VALUES (1828, N'GABOTO', 20)
INSERT [dbo].[localidad] ([codLocalidad], [nombreLocalidad], [codProvincia]) VALUES (1829, N'GALISTEO', 20)
INSERT [dbo].[localidad] ([codLocalidad], [nombreLocalidad], [codProvincia]) VALUES (1830, N'GÁLVEZ', 20)
INSERT [dbo].[localidad] ([codLocalidad], [nombreLocalidad], [codProvincia]) VALUES (1831, N'GARABALTO', 20)
INSERT [dbo].[localidad] ([codLocalidad], [nombreLocalidad], [codProvincia]) VALUES (1832, N'GARIBALDI', 20)
INSERT [dbo].[localidad] ([codLocalidad], [nombreLocalidad], [codProvincia]) VALUES (1833, N'GATO COLORADO', 20)
INSERT [dbo].[localidad] ([codLocalidad], [nombreLocalidad], [codProvincia]) VALUES (1834, N'GOBERNADOR CRESPO', 20)
INSERT [dbo].[localidad] ([codLocalidad], [nombreLocalidad], [codProvincia]) VALUES (1835, N'GESSLER', 20)
INSERT [dbo].[localidad] ([codLocalidad], [nombreLocalidad], [codProvincia]) VALUES (1836, N'GODOY', 20)
INSERT [dbo].[localidad] ([codLocalidad], [nombreLocalidad], [codProvincia]) VALUES (1837, N'GOLONDRINA', 20)
INSERT [dbo].[localidad] ([codLocalidad], [nombreLocalidad], [codProvincia]) VALUES (1838, N'GENERAL GELLY', 20)
INSERT [dbo].[localidad] ([codLocalidad], [nombreLocalidad], [codProvincia]) VALUES (1839, N'GENERAL LAGOS', 20)
INSERT [dbo].[localidad] ([codLocalidad], [nombreLocalidad], [codProvincia]) VALUES (1840, N'GRANADERO BAIGORRIA', 20)
INSERT [dbo].[localidad] ([codLocalidad], [nombreLocalidad], [codProvincia]) VALUES (1841, N'GREGORIA PEREZ DE DENIS', 20)
INSERT [dbo].[localidad] ([codLocalidad], [nombreLocalidad], [codProvincia]) VALUES (1842, N'GRUTLY', 20)
INSERT [dbo].[localidad] ([codLocalidad], [nombreLocalidad], [codProvincia]) VALUES (1843, N'GUADALUPE N.', 20)
INSERT [dbo].[localidad] ([codLocalidad], [nombreLocalidad], [codProvincia]) VALUES (1844, N'GÖDEKEN', 20)
INSERT [dbo].[localidad] ([codLocalidad], [nombreLocalidad], [codProvincia]) VALUES (1845, N'HELVECIA', 20)
INSERT [dbo].[localidad] ([codLocalidad], [nombreLocalidad], [codProvincia]) VALUES (1846, N'HERSILIA', 20)
INSERT [dbo].[localidad] ([codLocalidad], [nombreLocalidad], [codProvincia]) VALUES (1847, N'HIPATÍA', 20)
INSERT [dbo].[localidad] ([codLocalidad], [nombreLocalidad], [codProvincia]) VALUES (1848, N'HUANQUEROS', 20)
INSERT [dbo].[localidad] ([codLocalidad], [nombreLocalidad], [codProvincia]) VALUES (1849, N'HUGENTOBLER', 20)
INSERT [dbo].[localidad] ([codLocalidad], [nombreLocalidad], [codProvincia]) VALUES (1850, N'HUGHES', 20)
INSERT [dbo].[localidad] ([codLocalidad], [nombreLocalidad], [codProvincia]) VALUES (1851, N'HUMBERTO 1º', 20)
INSERT [dbo].[localidad] ([codLocalidad], [nombreLocalidad], [codProvincia]) VALUES (1852, N'HUMBOLDT', 20)
INSERT [dbo].[localidad] ([codLocalidad], [nombreLocalidad], [codProvincia]) VALUES (1853, N'IBARLUCEA', 20)
INSERT [dbo].[localidad] ([codLocalidad], [nombreLocalidad], [codProvincia]) VALUES (1854, N'INGENIERO CHANOURDIE', 20)
INSERT [dbo].[localidad] ([codLocalidad], [nombreLocalidad], [codProvincia]) VALUES (1855, N'INTIYACO', 20)
INSERT [dbo].[localidad] ([codLocalidad], [nombreLocalidad], [codProvincia]) VALUES (1856, N'ITUZAINGÓ', 20)
INSERT [dbo].[localidad] ([codLocalidad], [nombreLocalidad], [codProvincia]) VALUES (1857, N'JACINTO L. ARÁUZ', 20)
INSERT [dbo].[localidad] ([codLocalidad], [nombreLocalidad], [codProvincia]) VALUES (1858, N'JOSEFINA', 20)
INSERT [dbo].[localidad] ([codLocalidad], [nombreLocalidad], [codProvincia]) VALUES (1859, N'JUAN BERNABÉ MOLINA', 20)
INSERT [dbo].[localidad] ([codLocalidad], [nombreLocalidad], [codProvincia]) VALUES (1860, N'JUAN DE GARAY', 20)
INSERT [dbo].[localidad] ([codLocalidad], [nombreLocalidad], [codProvincia]) VALUES (1861, N'JUNCAL', 20)
INSERT [dbo].[localidad] ([codLocalidad], [nombreLocalidad], [codProvincia]) VALUES (1862, N'LA BRAVA', 20)
INSERT [dbo].[localidad] ([codLocalidad], [nombreLocalidad], [codProvincia]) VALUES (1863, N'LA CABRAL', 20)
INSERT [dbo].[localidad] ([codLocalidad], [nombreLocalidad], [codProvincia]) VALUES (1864, N'LA CAMILA', 20)
INSERT [dbo].[localidad] ([codLocalidad], [nombreLocalidad], [codProvincia]) VALUES (1865, N'LA CHISPA', 20)
INSERT [dbo].[localidad] ([codLocalidad], [nombreLocalidad], [codProvincia]) VALUES (1866, N'LA CLARA', 20)
INSERT [dbo].[localidad] ([codLocalidad], [nombreLocalidad], [codProvincia]) VALUES (1867, N'LA CRIOLLA', 20)
INSERT [dbo].[localidad] ([codLocalidad], [nombreLocalidad], [codProvincia]) VALUES (1868, N'LA GALLARETA', 20)
INSERT [dbo].[localidad] ([codLocalidad], [nombreLocalidad], [codProvincia]) VALUES (1869, N'LA LUCILA', 20)
INSERT [dbo].[localidad] ([codLocalidad], [nombreLocalidad], [codProvincia]) VALUES (1870, N'LA PELADA', 20)
INSERT [dbo].[localidad] ([codLocalidad], [nombreLocalidad], [codProvincia]) VALUES (1871, N'LA PENCA', 20)
INSERT [dbo].[localidad] ([codLocalidad], [nombreLocalidad], [codProvincia]) VALUES (1872, N'LA RUBIA', 20)
INSERT [dbo].[localidad] ([codLocalidad], [nombreLocalidad], [codProvincia]) VALUES (1873, N'LA SARITA', 20)
INSERT [dbo].[localidad] ([codLocalidad], [nombreLocalidad], [codProvincia]) VALUES (1874, N'LA VANGUARDIA', 20)
INSERT [dbo].[localidad] ([codLocalidad], [nombreLocalidad], [codProvincia]) VALUES (1875, N'LABORDEBOY', 20)
INSERT [dbo].[localidad] ([codLocalidad], [nombreLocalidad], [codProvincia]) VALUES (1876, N'LAGUNA PAIVA', 20)
INSERT [dbo].[localidad] ([codLocalidad], [nombreLocalidad], [codProvincia]) VALUES (1877, N'LANDETA', 20)
INSERT [dbo].[localidad] ([codLocalidad], [nombreLocalidad], [codProvincia]) VALUES (1878, N'LANTERI', 20)
INSERT [dbo].[localidad] ([codLocalidad], [nombreLocalidad], [codProvincia]) VALUES (1879, N'LARRECHEA', 20)
INSERT [dbo].[localidad] ([codLocalidad], [nombreLocalidad], [codProvincia]) VALUES (1880, N'LAS AVISPAS', 20)
INSERT [dbo].[localidad] ([codLocalidad], [nombreLocalidad], [codProvincia]) VALUES (1881, N'LAS BANDURRIAS', 20)
INSERT [dbo].[localidad] ([codLocalidad], [nombreLocalidad], [codProvincia]) VALUES (1882, N'LAS GARZAS', 20)
INSERT [dbo].[localidad] ([codLocalidad], [nombreLocalidad], [codProvincia]) VALUES (1883, N'LAS PALMERAS', 20)
INSERT [dbo].[localidad] ([codLocalidad], [nombreLocalidad], [codProvincia]) VALUES (1884, N'LAS PAREJAS', 20)
INSERT [dbo].[localidad] ([codLocalidad], [nombreLocalidad], [codProvincia]) VALUES (1885, N'LAS PETACAS', 20)
INSERT [dbo].[localidad] ([codLocalidad], [nombreLocalidad], [codProvincia]) VALUES (1886, N'LAS ROSAS', 20)
INSERT [dbo].[localidad] ([codLocalidad], [nombreLocalidad], [codProvincia]) VALUES (1887, N'LAS TOSCAS', 20)
INSERT [dbo].[localidad] ([codLocalidad], [nombreLocalidad], [codProvincia]) VALUES (1888, N'LAS TUNAS', 20)
INSERT [dbo].[localidad] ([codLocalidad], [nombreLocalidad], [codProvincia]) VALUES (1889, N'LAZZARINO', 20)
INSERT [dbo].[localidad] ([codLocalidad], [nombreLocalidad], [codProvincia]) VALUES (1890, N'LEHMANN', 20)
INSERT [dbo].[localidad] ([codLocalidad], [nombreLocalidad], [codProvincia]) VALUES (1891, N'LLAMBI CAMPBELL', 20)
INSERT [dbo].[localidad] ([codLocalidad], [nombreLocalidad], [codProvincia]) VALUES (1892, N'LOGROÑO', 20)
INSERT [dbo].[localidad] ([codLocalidad], [nombreLocalidad], [codProvincia]) VALUES (1893, N'LOMA ALTA', 20)
INSERT [dbo].[localidad] ([codLocalidad], [nombreLocalidad], [codProvincia]) VALUES (1894, N'LÓPEZ', 20)
INSERT [dbo].[localidad] ([codLocalidad], [nombreLocalidad], [codProvincia]) VALUES (1895, N'LOS AMORES', 20)
INSERT [dbo].[localidad] ([codLocalidad], [nombreLocalidad], [codProvincia]) VALUES (1896, N'LOS CARDOS', 20)
INSERT [dbo].[localidad] ([codLocalidad], [nombreLocalidad], [codProvincia]) VALUES (1897, N'LOS LAURELES', 20)
INSERT [dbo].[localidad] ([codLocalidad], [nombreLocalidad], [codProvincia]) VALUES (1898, N'LOS MOLINOS', 20)
INSERT [dbo].[localidad] ([codLocalidad], [nombreLocalidad], [codProvincia]) VALUES (1899, N'LOS QUIRQUINCHOS', 20)
GO
INSERT [dbo].[localidad] ([codLocalidad], [nombreLocalidad], [codProvincia]) VALUES (1900, N'LUCIO VICENTE LOPEZ', 20)
INSERT [dbo].[localidad] ([codLocalidad], [nombreLocalidad], [codProvincia]) VALUES (1901, N'LUIS PALACIOS', 20)
INSERT [dbo].[localidad] ([codLocalidad], [nombreLocalidad], [codProvincia]) VALUES (1902, N'MARÍA JUANA', 20)
INSERT [dbo].[localidad] ([codLocalidad], [nombreLocalidad], [codProvincia]) VALUES (1903, N'MARÍA LUISA', 20)
INSERT [dbo].[localidad] ([codLocalidad], [nombreLocalidad], [codProvincia]) VALUES (1904, N'MARÍA SUSANA', 20)
INSERT [dbo].[localidad] ([codLocalidad], [nombreLocalidad], [codProvincia]) VALUES (1905, N'MARÍA TERESA', 20)
INSERT [dbo].[localidad] ([codLocalidad], [nombreLocalidad], [codProvincia]) VALUES (1906, N'MACIEL', 20)
INSERT [dbo].[localidad] ([codLocalidad], [nombreLocalidad], [codProvincia]) VALUES (1907, N'MAGGIOLO', 20)
INSERT [dbo].[localidad] ([codLocalidad], [nombreLocalidad], [codProvincia]) VALUES (1908, N'MALABRIGO', 20)
INSERT [dbo].[localidad] ([codLocalidad], [nombreLocalidad], [codProvincia]) VALUES (1909, N'MARCELINO ESCALADA', 20)
INSERT [dbo].[localidad] ([codLocalidad], [nombreLocalidad], [codProvincia]) VALUES (1910, N'MARGARITA', 20)
INSERT [dbo].[localidad] ([codLocalidad], [nombreLocalidad], [codProvincia]) VALUES (1911, N'MATILDE', 20)
INSERT [dbo].[localidad] ([codLocalidad], [nombreLocalidad], [codProvincia]) VALUES (1912, N'MAUÁ', 20)
INSERT [dbo].[localidad] ([codLocalidad], [nombreLocalidad], [codProvincia]) VALUES (1913, N'MÁXIMO PAZ', 20)
INSERT [dbo].[localidad] ([codLocalidad], [nombreLocalidad], [codProvincia]) VALUES (1914, N'MELINCUÉ', 20)
INSERT [dbo].[localidad] ([codLocalidad], [nombreLocalidad], [codProvincia]) VALUES (1915, N'MIGUEL TORRES', 20)
INSERT [dbo].[localidad] ([codLocalidad], [nombreLocalidad], [codProvincia]) VALUES (1916, N'MOISÉS VILLE', 20)
INSERT [dbo].[localidad] ([codLocalidad], [nombreLocalidad], [codProvincia]) VALUES (1917, N'MONIGOTES', 20)
INSERT [dbo].[localidad] ([codLocalidad], [nombreLocalidad], [codProvincia]) VALUES (1918, N'MONJE', 20)
INSERT [dbo].[localidad] ([codLocalidad], [nombreLocalidad], [codProvincia]) VALUES (1919, N'MONTE OBSCURIDAD', 20)
INSERT [dbo].[localidad] ([codLocalidad], [nombreLocalidad], [codProvincia]) VALUES (1920, N'MONTE VERA', 20)
INSERT [dbo].[localidad] ([codLocalidad], [nombreLocalidad], [codProvincia]) VALUES (1921, N'MONTEFIORE', 20)
INSERT [dbo].[localidad] ([codLocalidad], [nombreLocalidad], [codProvincia]) VALUES (1922, N'MONTES DE OCA', 20)
INSERT [dbo].[localidad] ([codLocalidad], [nombreLocalidad], [codProvincia]) VALUES (1923, N'MURPHY', 20)
INSERT [dbo].[localidad] ([codLocalidad], [nombreLocalidad], [codProvincia]) VALUES (1924, N'ÑANDUCITA', 20)
INSERT [dbo].[localidad] ([codLocalidad], [nombreLocalidad], [codProvincia]) VALUES (1925, N'NARÉ', 20)
INSERT [dbo].[localidad] ([codLocalidad], [nombreLocalidad], [codProvincia]) VALUES (1926, N'NELSON', 20)
INSERT [dbo].[localidad] ([codLocalidad], [nombreLocalidad], [codProvincia]) VALUES (1927, N'NICANOR E. MOLINAS', 20)
INSERT [dbo].[localidad] ([codLocalidad], [nombreLocalidad], [codProvincia]) VALUES (1928, N'NUEVO TORINO', 20)
INSERT [dbo].[localidad] ([codLocalidad], [nombreLocalidad], [codProvincia]) VALUES (1929, N'OLIVEROS', 20)
INSERT [dbo].[localidad] ([codLocalidad], [nombreLocalidad], [codProvincia]) VALUES (1930, N'PALACIOS', 20)
INSERT [dbo].[localidad] ([codLocalidad], [nombreLocalidad], [codProvincia]) VALUES (1931, N'PAVÓN', 20)
INSERT [dbo].[localidad] ([codLocalidad], [nombreLocalidad], [codProvincia]) VALUES (1932, N'PAVÓN ARRIBA', 20)
INSERT [dbo].[localidad] ([codLocalidad], [nombreLocalidad], [codProvincia]) VALUES (1933, N'PEDRO GÓMEZ CELLO', 20)
INSERT [dbo].[localidad] ([codLocalidad], [nombreLocalidad], [codProvincia]) VALUES (1934, N'PÉREZ', 20)
INSERT [dbo].[localidad] ([codLocalidad], [nombreLocalidad], [codProvincia]) VALUES (1935, N'PEYRANO', 20)
INSERT [dbo].[localidad] ([codLocalidad], [nombreLocalidad], [codProvincia]) VALUES (1936, N'PIAMONTE', 20)
INSERT [dbo].[localidad] ([codLocalidad], [nombreLocalidad], [codProvincia]) VALUES (1937, N'PILAR', 20)
INSERT [dbo].[localidad] ([codLocalidad], [nombreLocalidad], [codProvincia]) VALUES (1938, N'PIÑERO', 20)
INSERT [dbo].[localidad] ([codLocalidad], [nombreLocalidad], [codProvincia]) VALUES (1939, N'PLAZA CLUCELLAS', 20)
INSERT [dbo].[localidad] ([codLocalidad], [nombreLocalidad], [codProvincia]) VALUES (1940, N'PORTUGALETE', 20)
INSERT [dbo].[localidad] ([codLocalidad], [nombreLocalidad], [codProvincia]) VALUES (1941, N'POZO BORRADO', 20)
INSERT [dbo].[localidad] ([codLocalidad], [nombreLocalidad], [codProvincia]) VALUES (1942, N'PROGRESO', 20)
INSERT [dbo].[localidad] ([codLocalidad], [nombreLocalidad], [codProvincia]) VALUES (1943, N'PROVIDENCIA', 20)
INSERT [dbo].[localidad] ([codLocalidad], [nombreLocalidad], [codProvincia]) VALUES (1944, N'PRESIDENTE ROCA', 20)
INSERT [dbo].[localidad] ([codLocalidad], [nombreLocalidad], [codProvincia]) VALUES (1945, N'PUEBLO ANDINO', 20)
INSERT [dbo].[localidad] ([codLocalidad], [nombreLocalidad], [codProvincia]) VALUES (1946, N'PUEBLO ESTHER', 20)
INSERT [dbo].[localidad] ([codLocalidad], [nombreLocalidad], [codProvincia]) VALUES (1947, N'PUEBLO GENERAL SAN MARTÍN', 20)
INSERT [dbo].[localidad] ([codLocalidad], [nombreLocalidad], [codProvincia]) VALUES (1948, N'PUEBLO IRIGOYEN', 20)
INSERT [dbo].[localidad] ([codLocalidad], [nombreLocalidad], [codProvincia]) VALUES (1949, N'PUEBLO MARINI', 20)
INSERT [dbo].[localidad] ([codLocalidad], [nombreLocalidad], [codProvincia]) VALUES (1950, N'PUEBLO MUÑOZ', 20)
INSERT [dbo].[localidad] ([codLocalidad], [nombreLocalidad], [codProvincia]) VALUES (1951, N'PUEBLO URANGA', 20)
INSERT [dbo].[localidad] ([codLocalidad], [nombreLocalidad], [codProvincia]) VALUES (1952, N'PUJATO', 20)
INSERT [dbo].[localidad] ([codLocalidad], [nombreLocalidad], [codProvincia]) VALUES (1953, N'PUJATO N.', 20)
INSERT [dbo].[localidad] ([codLocalidad], [nombreLocalidad], [codProvincia]) VALUES (1954, N'RAFAELA', 20)
INSERT [dbo].[localidad] ([codLocalidad], [nombreLocalidad], [codProvincia]) VALUES (1955, N'RAMAYÓN', 20)
INSERT [dbo].[localidad] ([codLocalidad], [nombreLocalidad], [codProvincia]) VALUES (1956, N'RAMONA', 20)
INSERT [dbo].[localidad] ([codLocalidad], [nombreLocalidad], [codProvincia]) VALUES (1957, N'RECONQUISTA', 20)
INSERT [dbo].[localidad] ([codLocalidad], [nombreLocalidad], [codProvincia]) VALUES (1958, N'RECREO', 20)
INSERT [dbo].[localidad] ([codLocalidad], [nombreLocalidad], [codProvincia]) VALUES (1959, N'RICARDONE', 20)
INSERT [dbo].[localidad] ([codLocalidad], [nombreLocalidad], [codProvincia]) VALUES (1960, N'RIVADAVIA', 20)
INSERT [dbo].[localidad] ([codLocalidad], [nombreLocalidad], [codProvincia]) VALUES (1961, N'ROLDÁN', 20)
INSERT [dbo].[localidad] ([codLocalidad], [nombreLocalidad], [codProvincia]) VALUES (1962, N'ROMANG', 20)
INSERT [dbo].[localidad] ([codLocalidad], [nombreLocalidad], [codProvincia]) VALUES (1963, N'ROSARIO', 20)
INSERT [dbo].[localidad] ([codLocalidad], [nombreLocalidad], [codProvincia]) VALUES (1964, N'RUEDA', 20)
INSERT [dbo].[localidad] ([codLocalidad], [nombreLocalidad], [codProvincia]) VALUES (1965, N'RUFINO', 20)
INSERT [dbo].[localidad] ([codLocalidad], [nombreLocalidad], [codProvincia]) VALUES (1966, N'SA PEREIRA', 20)
INSERT [dbo].[localidad] ([codLocalidad], [nombreLocalidad], [codProvincia]) VALUES (1967, N'SAGUIER', 20)
INSERT [dbo].[localidad] ([codLocalidad], [nombreLocalidad], [codProvincia]) VALUES (1968, N'SALADERO MARIANO CABAL', 20)
INSERT [dbo].[localidad] ([codLocalidad], [nombreLocalidad], [codProvincia]) VALUES (1969, N'SALTO GRANDE', 20)
INSERT [dbo].[localidad] ([codLocalidad], [nombreLocalidad], [codProvincia]) VALUES (1970, N'SAN AGUSTÍN', 20)
INSERT [dbo].[localidad] ([codLocalidad], [nombreLocalidad], [codProvincia]) VALUES (1971, N'SAN ANTONIO DE OBLIGADO', 20)
INSERT [dbo].[localidad] ([codLocalidad], [nombreLocalidad], [codProvincia]) VALUES (1972, N'SAN BERNARDO (N.J.)', 20)
INSERT [dbo].[localidad] ([codLocalidad], [nombreLocalidad], [codProvincia]) VALUES (1973, N'SAN BERNARDO (S.J.)', 20)
INSERT [dbo].[localidad] ([codLocalidad], [nombreLocalidad], [codProvincia]) VALUES (1974, N'SAN CARLOS CENTRO', 20)
INSERT [dbo].[localidad] ([codLocalidad], [nombreLocalidad], [codProvincia]) VALUES (1975, N'SAN CARLOS N.', 20)
INSERT [dbo].[localidad] ([codLocalidad], [nombreLocalidad], [codProvincia]) VALUES (1976, N'SAN CARLOS S.', 20)
INSERT [dbo].[localidad] ([codLocalidad], [nombreLocalidad], [codProvincia]) VALUES (1977, N'SAN CRISTÓBAL', 20)
INSERT [dbo].[localidad] ([codLocalidad], [nombreLocalidad], [codProvincia]) VALUES (1978, N'SAN EDUARDO', 20)
INSERT [dbo].[localidad] ([codLocalidad], [nombreLocalidad], [codProvincia]) VALUES (1979, N'SAN EUGENIO', 20)
INSERT [dbo].[localidad] ([codLocalidad], [nombreLocalidad], [codProvincia]) VALUES (1980, N'SAN FABIÁN', 20)
INSERT [dbo].[localidad] ([codLocalidad], [nombreLocalidad], [codProvincia]) VALUES (1981, N'SAN FRANCISCO. DE SANTA FÉ', 20)
INSERT [dbo].[localidad] ([codLocalidad], [nombreLocalidad], [codProvincia]) VALUES (1982, N'SAN GENARO', 20)
INSERT [dbo].[localidad] ([codLocalidad], [nombreLocalidad], [codProvincia]) VALUES (1983, N'SAN GENARO N.', 20)
INSERT [dbo].[localidad] ([codLocalidad], [nombreLocalidad], [codProvincia]) VALUES (1984, N'SAN GREGORIO', 20)
INSERT [dbo].[localidad] ([codLocalidad], [nombreLocalidad], [codProvincia]) VALUES (1985, N'SAN GUILLERMO', 20)
INSERT [dbo].[localidad] ([codLocalidad], [nombreLocalidad], [codProvincia]) VALUES (1986, N'SAN JAVIER', 20)
INSERT [dbo].[localidad] ([codLocalidad], [nombreLocalidad], [codProvincia]) VALUES (1987, N'SAN JERÓNIMO DEL SAUCE', 20)
INSERT [dbo].[localidad] ([codLocalidad], [nombreLocalidad], [codProvincia]) VALUES (1988, N'SAN JERÓNIMO N.', 20)
INSERT [dbo].[localidad] ([codLocalidad], [nombreLocalidad], [codProvincia]) VALUES (1989, N'SAN JERÓNIMO S.', 20)
INSERT [dbo].[localidad] ([codLocalidad], [nombreLocalidad], [codProvincia]) VALUES (1990, N'SAN JORGE', 20)
INSERT [dbo].[localidad] ([codLocalidad], [nombreLocalidad], [codProvincia]) VALUES (1991, N'SAN JOSÉ DE LA ESQUINA', 20)
INSERT [dbo].[localidad] ([codLocalidad], [nombreLocalidad], [codProvincia]) VALUES (1992, N'SAN JOSÉ DEL RINCÓN', 20)
INSERT [dbo].[localidad] ([codLocalidad], [nombreLocalidad], [codProvincia]) VALUES (1993, N'SAN JUSTO', 20)
INSERT [dbo].[localidad] ([codLocalidad], [nombreLocalidad], [codProvincia]) VALUES (1994, N'SAN LORENZO', 20)
INSERT [dbo].[localidad] ([codLocalidad], [nombreLocalidad], [codProvincia]) VALUES (1995, N'SAN MARIANO', 20)
INSERT [dbo].[localidad] ([codLocalidad], [nombreLocalidad], [codProvincia]) VALUES (1996, N'SAN MARTÍN DE LAS ESCOBAS', 20)
INSERT [dbo].[localidad] ([codLocalidad], [nombreLocalidad], [codProvincia]) VALUES (1997, N'SAN MARTÍN N.', 20)
INSERT [dbo].[localidad] ([codLocalidad], [nombreLocalidad], [codProvincia]) VALUES (1998, N'SAN VICENTE', 20)
INSERT [dbo].[localidad] ([codLocalidad], [nombreLocalidad], [codProvincia]) VALUES (1999, N'SANCTI SPITITU', 20)
GO
INSERT [dbo].[localidad] ([codLocalidad], [nombreLocalidad], [codProvincia]) VALUES (2000, N'SANFORD', 20)
INSERT [dbo].[localidad] ([codLocalidad], [nombreLocalidad], [codProvincia]) VALUES (2001, N'SANTO DOMINGO', 20)
INSERT [dbo].[localidad] ([codLocalidad], [nombreLocalidad], [codProvincia]) VALUES (2002, N'SANTO TOMÉ', 20)
INSERT [dbo].[localidad] ([codLocalidad], [nombreLocalidad], [codProvincia]) VALUES (2003, N'SANTURCE', 20)
INSERT [dbo].[localidad] ([codLocalidad], [nombreLocalidad], [codProvincia]) VALUES (2004, N'SARGENTO CABRAL', 20)
INSERT [dbo].[localidad] ([codLocalidad], [nombreLocalidad], [codProvincia]) VALUES (2005, N'SARMIENTO', 20)
INSERT [dbo].[localidad] ([codLocalidad], [nombreLocalidad], [codProvincia]) VALUES (2006, N'SASTRE', 20)
INSERT [dbo].[localidad] ([codLocalidad], [nombreLocalidad], [codProvincia]) VALUES (2007, N'SAUCE VIEJO', 20)
INSERT [dbo].[localidad] ([codLocalidad], [nombreLocalidad], [codProvincia]) VALUES (2008, N'SERODINO', 20)
INSERT [dbo].[localidad] ([codLocalidad], [nombreLocalidad], [codProvincia]) VALUES (2009, N'SILVA', 20)
INSERT [dbo].[localidad] ([codLocalidad], [nombreLocalidad], [codProvincia]) VALUES (2010, N'SOLDINI', 20)
INSERT [dbo].[localidad] ([codLocalidad], [nombreLocalidad], [codProvincia]) VALUES (2011, N'SOLEDAD', 20)
INSERT [dbo].[localidad] ([codLocalidad], [nombreLocalidad], [codProvincia]) VALUES (2012, N'SOUTOMAYOR', 20)
INSERT [dbo].[localidad] ([codLocalidad], [nombreLocalidad], [codProvincia]) VALUES (2013, N'SANTA CLARA DE BUENA VISTA', 20)
INSERT [dbo].[localidad] ([codLocalidad], [nombreLocalidad], [codProvincia]) VALUES (2014, N'SANTA CLARA DE SAGUIER', 20)
INSERT [dbo].[localidad] ([codLocalidad], [nombreLocalidad], [codProvincia]) VALUES (2015, N'SANTA ISABEL', 20)
INSERT [dbo].[localidad] ([codLocalidad], [nombreLocalidad], [codProvincia]) VALUES (2016, N'SANTA MARGARITA', 20)
INSERT [dbo].[localidad] ([codLocalidad], [nombreLocalidad], [codProvincia]) VALUES (2017, N'SANTA MARIA CENTRO', 20)
INSERT [dbo].[localidad] ([codLocalidad], [nombreLocalidad], [codProvincia]) VALUES (2018, N'SANTA MARÍA N.', 20)
INSERT [dbo].[localidad] ([codLocalidad], [nombreLocalidad], [codProvincia]) VALUES (2019, N'SANTA ROSA', 20)
INSERT [dbo].[localidad] ([codLocalidad], [nombreLocalidad], [codProvincia]) VALUES (2020, N'SANTA TERESA', 20)
INSERT [dbo].[localidad] ([codLocalidad], [nombreLocalidad], [codProvincia]) VALUES (2021, N'SUARDI', 20)
INSERT [dbo].[localidad] ([codLocalidad], [nombreLocalidad], [codProvincia]) VALUES (2022, N'SUNCHALES', 20)
INSERT [dbo].[localidad] ([codLocalidad], [nombreLocalidad], [codProvincia]) VALUES (2023, N'SUSANA', 20)
INSERT [dbo].[localidad] ([codLocalidad], [nombreLocalidad], [codProvincia]) VALUES (2024, N'TACUARENDÍ', 20)
INSERT [dbo].[localidad] ([codLocalidad], [nombreLocalidad], [codProvincia]) VALUES (2025, N'TACURAL', 20)
INSERT [dbo].[localidad] ([codLocalidad], [nombreLocalidad], [codProvincia]) VALUES (2026, N'TARTAGAL', 20)
INSERT [dbo].[localidad] ([codLocalidad], [nombreLocalidad], [codProvincia]) VALUES (2027, N'TEODELINA', 20)
INSERT [dbo].[localidad] ([codLocalidad], [nombreLocalidad], [codProvincia]) VALUES (2028, N'THEOBALD', 20)
INSERT [dbo].[localidad] ([codLocalidad], [nombreLocalidad], [codProvincia]) VALUES (2029, N'TIMBÚES', 20)
INSERT [dbo].[localidad] ([codLocalidad], [nombreLocalidad], [codProvincia]) VALUES (2030, N'TOBA', 20)
INSERT [dbo].[localidad] ([codLocalidad], [nombreLocalidad], [codProvincia]) VALUES (2031, N'TORTUGAS', 20)
INSERT [dbo].[localidad] ([codLocalidad], [nombreLocalidad], [codProvincia]) VALUES (2032, N'TOSTADO', 20)
INSERT [dbo].[localidad] ([codLocalidad], [nombreLocalidad], [codProvincia]) VALUES (2033, N'TOTORAS', 20)
INSERT [dbo].[localidad] ([codLocalidad], [nombreLocalidad], [codProvincia]) VALUES (2034, N'TRAILL', 20)
INSERT [dbo].[localidad] ([codLocalidad], [nombreLocalidad], [codProvincia]) VALUES (2035, N'VENADO TUERTO', 20)
INSERT [dbo].[localidad] ([codLocalidad], [nombreLocalidad], [codProvincia]) VALUES (2036, N'VERA', 20)
INSERT [dbo].[localidad] ([codLocalidad], [nombreLocalidad], [codProvincia]) VALUES (2037, N'VERA Y PINTADO', 20)
INSERT [dbo].[localidad] ([codLocalidad], [nombreLocalidad], [codProvincia]) VALUES (2038, N'VIDELA', 20)
INSERT [dbo].[localidad] ([codLocalidad], [nombreLocalidad], [codProvincia]) VALUES (2039, N'VILA', 20)
INSERT [dbo].[localidad] ([codLocalidad], [nombreLocalidad], [codProvincia]) VALUES (2040, N'VILLA AMELIA', 20)
INSERT [dbo].[localidad] ([codLocalidad], [nombreLocalidad], [codProvincia]) VALUES (2041, N'VILLA ANA', 20)
INSERT [dbo].[localidad] ([codLocalidad], [nombreLocalidad], [codProvincia]) VALUES (2042, N'VILLA CAÑAS', 20)
INSERT [dbo].[localidad] ([codLocalidad], [nombreLocalidad], [codProvincia]) VALUES (2043, N'VILLA CONSTITUCIÓN', 20)
INSERT [dbo].[localidad] ([codLocalidad], [nombreLocalidad], [codProvincia]) VALUES (2044, N'VILLA ELOÍSA', 20)
INSERT [dbo].[localidad] ([codLocalidad], [nombreLocalidad], [codProvincia]) VALUES (2045, N'VILLA GOBERNADOR GÁLVEZ', 20)
INSERT [dbo].[localidad] ([codLocalidad], [nombreLocalidad], [codProvincia]) VALUES (2046, N'VILLA GUILLERMINA', 20)
INSERT [dbo].[localidad] ([codLocalidad], [nombreLocalidad], [codProvincia]) VALUES (2047, N'VILLA MINETTI', 20)
INSERT [dbo].[localidad] ([codLocalidad], [nombreLocalidad], [codProvincia]) VALUES (2048, N'VILLA MUGUETA', 20)
INSERT [dbo].[localidad] ([codLocalidad], [nombreLocalidad], [codProvincia]) VALUES (2049, N'VILLA OCAMPO', 20)
INSERT [dbo].[localidad] ([codLocalidad], [nombreLocalidad], [codProvincia]) VALUES (2050, N'VILLA SAN JOSÉ', 20)
INSERT [dbo].[localidad] ([codLocalidad], [nombreLocalidad], [codProvincia]) VALUES (2051, N'VILLA SARALEGUI', 20)
INSERT [dbo].[localidad] ([codLocalidad], [nombreLocalidad], [codProvincia]) VALUES (2052, N'VILLA TRINIDAD', 20)
INSERT [dbo].[localidad] ([codLocalidad], [nombreLocalidad], [codProvincia]) VALUES (2053, N'VILLADA', 20)
INSERT [dbo].[localidad] ([codLocalidad], [nombreLocalidad], [codProvincia]) VALUES (2054, N'VIRGINIA', 20)
INSERT [dbo].[localidad] ([codLocalidad], [nombreLocalidad], [codProvincia]) VALUES (2055, N'WHEELWRIGHT', 20)
INSERT [dbo].[localidad] ([codLocalidad], [nombreLocalidad], [codProvincia]) VALUES (2056, N'ZAVALLA', 20)
INSERT [dbo].[localidad] ([codLocalidad], [nombreLocalidad], [codProvincia]) VALUES (2057, N'ZENÓN PEREIRA', 20)
INSERT [dbo].[localidad] ([codLocalidad], [nombreLocalidad], [codProvincia]) VALUES (2058, N'AÑATUYA', 21)
INSERT [dbo].[localidad] ([codLocalidad], [nombreLocalidad], [codProvincia]) VALUES (2059, N'ÁRRAGA', 21)
INSERT [dbo].[localidad] ([codLocalidad], [nombreLocalidad], [codProvincia]) VALUES (2060, N'BANDERA', 21)
INSERT [dbo].[localidad] ([codLocalidad], [nombreLocalidad], [codProvincia]) VALUES (2061, N'BANDERA BAJADA', 21)
INSERT [dbo].[localidad] ([codLocalidad], [nombreLocalidad], [codProvincia]) VALUES (2062, N'BELTRÁN', 21)
INSERT [dbo].[localidad] ([codLocalidad], [nombreLocalidad], [codProvincia]) VALUES (2063, N'BREA POZO', 21)
INSERT [dbo].[localidad] ([codLocalidad], [nombreLocalidad], [codProvincia]) VALUES (2064, N'CAMPO GALLO', 21)
INSERT [dbo].[localidad] ([codLocalidad], [nombreLocalidad], [codProvincia]) VALUES (2065, N'CAPITAL (SANTIAGO DEL ESTERO)', 21)
INSERT [dbo].[localidad] ([codLocalidad], [nombreLocalidad], [codProvincia]) VALUES (2066, N'CHILCA JULIANA', 21)
INSERT [dbo].[localidad] ([codLocalidad], [nombreLocalidad], [codProvincia]) VALUES (2067, N'CHOYA', 21)
INSERT [dbo].[localidad] ([codLocalidad], [nombreLocalidad], [codProvincia]) VALUES (2068, N'CLODOMIRA', 21)
INSERT [dbo].[localidad] ([codLocalidad], [nombreLocalidad], [codProvincia]) VALUES (2069, N'COLONIA ALPINA', 21)
INSERT [dbo].[localidad] ([codLocalidad], [nombreLocalidad], [codProvincia]) VALUES (2070, N'COLONIA DORA', 21)
INSERT [dbo].[localidad] ([codLocalidad], [nombreLocalidad], [codProvincia]) VALUES (2071, N'COLONIA EL SIMBOLAR ROBLES', 21)
INSERT [dbo].[localidad] ([codLocalidad], [nombreLocalidad], [codProvincia]) VALUES (2072, N'EL BOBADAL', 21)
INSERT [dbo].[localidad] ([codLocalidad], [nombreLocalidad], [codProvincia]) VALUES (2073, N'EL CHARCO', 21)
INSERT [dbo].[localidad] ([codLocalidad], [nombreLocalidad], [codProvincia]) VALUES (2074, N'EL MOJÓN', 21)
INSERT [dbo].[localidad] ([codLocalidad], [nombreLocalidad], [codProvincia]) VALUES (2075, N'ESTACIÓN ATAMISQUI', 21)
INSERT [dbo].[localidad] ([codLocalidad], [nombreLocalidad], [codProvincia]) VALUES (2076, N'ESTACIÓN SIMBOLAR', 21)
INSERT [dbo].[localidad] ([codLocalidad], [nombreLocalidad], [codProvincia]) VALUES (2077, N'FERNÁNDEZ', 21)
INSERT [dbo].[localidad] ([codLocalidad], [nombreLocalidad], [codProvincia]) VALUES (2078, N'FORTÍN INCA', 21)
INSERT [dbo].[localidad] ([codLocalidad], [nombreLocalidad], [codProvincia]) VALUES (2079, N'FRÍAS', 21)
INSERT [dbo].[localidad] ([codLocalidad], [nombreLocalidad], [codProvincia]) VALUES (2080, N'GARZA', 21)
INSERT [dbo].[localidad] ([codLocalidad], [nombreLocalidad], [codProvincia]) VALUES (2081, N'GRAMILLA', 21)
INSERT [dbo].[localidad] ([codLocalidad], [nombreLocalidad], [codProvincia]) VALUES (2082, N'GUARDIA ESCOLTA', 21)
INSERT [dbo].[localidad] ([codLocalidad], [nombreLocalidad], [codProvincia]) VALUES (2083, N'HERRERA', 21)
INSERT [dbo].[localidad] ([codLocalidad], [nombreLocalidad], [codProvincia]) VALUES (2084, N'ICAÑO', 21)
INSERT [dbo].[localidad] ([codLocalidad], [nombreLocalidad], [codProvincia]) VALUES (2085, N'INGENIERO FORRES', 21)
INSERT [dbo].[localidad] ([codLocalidad], [nombreLocalidad], [codProvincia]) VALUES (2086, N'LA BANDA', 21)
INSERT [dbo].[localidad] ([codLocalidad], [nombreLocalidad], [codProvincia]) VALUES (2087, N'LA CAÑADA', 21)
INSERT [dbo].[localidad] ([codLocalidad], [nombreLocalidad], [codProvincia]) VALUES (2088, N'LAPRIDA', 21)
INSERT [dbo].[localidad] ([codLocalidad], [nombreLocalidad], [codProvincia]) VALUES (2089, N'LAVALLE', 21)
INSERT [dbo].[localidad] ([codLocalidad], [nombreLocalidad], [codProvincia]) VALUES (2090, N'LORETO', 21)
INSERT [dbo].[localidad] ([codLocalidad], [nombreLocalidad], [codProvincia]) VALUES (2091, N'LOS JURÍES', 21)
INSERT [dbo].[localidad] ([codLocalidad], [nombreLocalidad], [codProvincia]) VALUES (2092, N'LOS NÚÑEZ', 21)
INSERT [dbo].[localidad] ([codLocalidad], [nombreLocalidad], [codProvincia]) VALUES (2093, N'LOS PIRPINTOS', 21)
INSERT [dbo].[localidad] ([codLocalidad], [nombreLocalidad], [codProvincia]) VALUES (2094, N'LOS QUIROGA', 21)
INSERT [dbo].[localidad] ([codLocalidad], [nombreLocalidad], [codProvincia]) VALUES (2095, N'LOS TELARES', 21)
INSERT [dbo].[localidad] ([codLocalidad], [nombreLocalidad], [codProvincia]) VALUES (2096, N'LUGONES', 21)
INSERT [dbo].[localidad] ([codLocalidad], [nombreLocalidad], [codProvincia]) VALUES (2097, N'MALBRÁN', 21)
INSERT [dbo].[localidad] ([codLocalidad], [nombreLocalidad], [codProvincia]) VALUES (2098, N'MATARA', 21)
INSERT [dbo].[localidad] ([codLocalidad], [nombreLocalidad], [codProvincia]) VALUES (2099, N'MEDELLÍN', 21)
GO
INSERT [dbo].[localidad] ([codLocalidad], [nombreLocalidad], [codProvincia]) VALUES (2100, N'MONTE QUEMADO', 21)
INSERT [dbo].[localidad] ([codLocalidad], [nombreLocalidad], [codProvincia]) VALUES (2101, N'NUEVA ESPERANZA', 21)
INSERT [dbo].[localidad] ([codLocalidad], [nombreLocalidad], [codProvincia]) VALUES (2102, N'NUEVA FRANCIA', 21)
INSERT [dbo].[localidad] ([codLocalidad], [nombreLocalidad], [codProvincia]) VALUES (2103, N'PALO NEGRO', 21)
INSERT [dbo].[localidad] ([codLocalidad], [nombreLocalidad], [codProvincia]) VALUES (2104, N'PAMPA DE LOS GUANACOS', 21)
INSERT [dbo].[localidad] ([codLocalidad], [nombreLocalidad], [codProvincia]) VALUES (2105, N'PINTO', 21)
INSERT [dbo].[localidad] ([codLocalidad], [nombreLocalidad], [codProvincia]) VALUES (2106, N'POZO HONDO', 21)
INSERT [dbo].[localidad] ([codLocalidad], [nombreLocalidad], [codProvincia]) VALUES (2107, N'QUIMILÍ', 21)
INSERT [dbo].[localidad] ([codLocalidad], [nombreLocalidad], [codProvincia]) VALUES (2108, N'REAL SAYANA', 21)
INSERT [dbo].[localidad] ([codLocalidad], [nombreLocalidad], [codProvincia]) VALUES (2109, N'SACHAYOJ', 21)
INSERT [dbo].[localidad] ([codLocalidad], [nombreLocalidad], [codProvincia]) VALUES (2110, N'SAN PEDRO DE GUASAYÁN', 21)
INSERT [dbo].[localidad] ([codLocalidad], [nombreLocalidad], [codProvincia]) VALUES (2111, N'SELVA', 21)
INSERT [dbo].[localidad] ([codLocalidad], [nombreLocalidad], [codProvincia]) VALUES (2112, N'SOL DE JULIO', 21)
INSERT [dbo].[localidad] ([codLocalidad], [nombreLocalidad], [codProvincia]) VALUES (2113, N'SUMAMPA', 21)
INSERT [dbo].[localidad] ([codLocalidad], [nombreLocalidad], [codProvincia]) VALUES (2114, N'SUNCHO CORRAL', 21)
INSERT [dbo].[localidad] ([codLocalidad], [nombreLocalidad], [codProvincia]) VALUES (2115, N'TABOADA', 21)
INSERT [dbo].[localidad] ([codLocalidad], [nombreLocalidad], [codProvincia]) VALUES (2116, N'TAPSO', 21)
INSERT [dbo].[localidad] ([codLocalidad], [nombreLocalidad], [codProvincia]) VALUES (2117, N'TERMAS DE RIO HONDO', 21)
INSERT [dbo].[localidad] ([codLocalidad], [nombreLocalidad], [codProvincia]) VALUES (2118, N'TINTINA', 21)
INSERT [dbo].[localidad] ([codLocalidad], [nombreLocalidad], [codProvincia]) VALUES (2119, N'TOMAS YOUNG', 21)
INSERT [dbo].[localidad] ([codLocalidad], [nombreLocalidad], [codProvincia]) VALUES (2120, N'VILELAS', 21)
INSERT [dbo].[localidad] ([codLocalidad], [nombreLocalidad], [codProvincia]) VALUES (2121, N'VILLA ATAMISQUI', 21)
INSERT [dbo].[localidad] ([codLocalidad], [nombreLocalidad], [codProvincia]) VALUES (2122, N'VILLA LA PUNTA', 21)
INSERT [dbo].[localidad] ([codLocalidad], [nombreLocalidad], [codProvincia]) VALUES (2123, N'VILLA OJO DE AGUA', 21)
INSERT [dbo].[localidad] ([codLocalidad], [nombreLocalidad], [codProvincia]) VALUES (2124, N'VILLA RÍO HONDO', 21)
INSERT [dbo].[localidad] ([codLocalidad], [nombreLocalidad], [codProvincia]) VALUES (2125, N'VILLA SALAVINA', 21)
INSERT [dbo].[localidad] ([codLocalidad], [nombreLocalidad], [codProvincia]) VALUES (2126, N'VILLA UNIÓN', 21)
INSERT [dbo].[localidad] ([codLocalidad], [nombreLocalidad], [codProvincia]) VALUES (2127, N'VILMER', 21)
INSERT [dbo].[localidad] ([codLocalidad], [nombreLocalidad], [codProvincia]) VALUES (2128, N'WEISBURD', 21)
INSERT [dbo].[localidad] ([codLocalidad], [nombreLocalidad], [codProvincia]) VALUES (2129, N'RÍO GRANDE', 22)
INSERT [dbo].[localidad] ([codLocalidad], [nombreLocalidad], [codProvincia]) VALUES (2130, N'TOLHUIN', 22)
INSERT [dbo].[localidad] ([codLocalidad], [nombreLocalidad], [codProvincia]) VALUES (2131, N'USHUAIA', 22)
INSERT [dbo].[localidad] ([codLocalidad], [nombreLocalidad], [codProvincia]) VALUES (2132, N'ACHERAL', 23)
INSERT [dbo].[localidad] ([codLocalidad], [nombreLocalidad], [codProvincia]) VALUES (2133, N'AGUA DULCE', 23)
INSERT [dbo].[localidad] ([codLocalidad], [nombreLocalidad], [codProvincia]) VALUES (2134, N'AGUILARES', 23)
INSERT [dbo].[localidad] ([codLocalidad], [nombreLocalidad], [codProvincia]) VALUES (2135, N'ALDERETES', 23)
INSERT [dbo].[localidad] ([codLocalidad], [nombreLocalidad], [codProvincia]) VALUES (2136, N'ALPACHIRI', 23)
INSERT [dbo].[localidad] ([codLocalidad], [nombreLocalidad], [codProvincia]) VALUES (2137, N'ALTO VERDE', 23)
INSERT [dbo].[localidad] ([codLocalidad], [nombreLocalidad], [codProvincia]) VALUES (2138, N'AMAICHA DEL VALLE', 23)
INSERT [dbo].[localidad] ([codLocalidad], [nombreLocalidad], [codProvincia]) VALUES (2139, N'AMBERES', 23)
INSERT [dbo].[localidad] ([codLocalidad], [nombreLocalidad], [codProvincia]) VALUES (2140, N'ANCAJULI', 23)
INSERT [dbo].[localidad] ([codLocalidad], [nombreLocalidad], [codProvincia]) VALUES (2141, N'ARCADIA', 23)
INSERT [dbo].[localidad] ([codLocalidad], [nombreLocalidad], [codProvincia]) VALUES (2142, N'ATAHONA', 23)
SET IDENTITY_INSERT [dbo].[localidad] OFF
SET IDENTITY_INSERT [dbo].[domicilio] ON 

INSERT [dbo].[domicilio] ([idDomicilio], [calle], [altura], [piso], [depto], [codLocalidad]) VALUES (4, N'Tucuman', 1, 0, N'0', 2)
INSERT [dbo].[domicilio] ([idDomicilio], [calle], [altura], [piso], [depto], [codLocalidad]) VALUES (5, N'Lavalle', 1, 0, N'0', 281)
INSERT [dbo].[domicilio] ([idDomicilio], [calle], [altura], [piso], [depto], [codLocalidad]) VALUES (1005, N'Belgrano', 1, 0, N'0', 1693)
INSERT [dbo].[domicilio] ([idDomicilio], [calle], [altura], [piso], [depto], [codLocalidad]) VALUES (2005, N'Canale', 1, 0, N'0', 1723)
INSERT [dbo].[domicilio] ([idDomicilio], [calle], [altura], [piso], [depto], [codLocalidad]) VALUES (2006, N'Santamarina', 1, 0, N'0', 2130)
INSERT [dbo].[domicilio] ([idDomicilio], [calle], [altura], [piso], [depto], [codLocalidad]) VALUES (2007, N'25 de Mayo', 1, 0, N'0', 1725)
INSERT [dbo].[domicilio] ([idDomicilio], [calle], [altura], [piso], [depto], [codLocalidad]) VALUES (3005, N'20 de Junio', 3, 0, N'0', 1553)
INSERT [dbo].[domicilio] ([idDomicilio], [calle], [altura], [piso], [depto], [codLocalidad]) VALUES (3006, N'Blas Parera', 1, 0, N'0', 2082)
INSERT [dbo].[domicilio] ([idDomicilio], [calle], [altura], [piso], [depto], [codLocalidad]) VALUES (3007, N'Sarmiento', 2, 0, N'0', 1692)
SET IDENTITY_INSERT [dbo].[domicilio] OFF
SET IDENTITY_INSERT [dbo].[telefono] ON 

INSERT [dbo].[telefono] ([idTelefono], [codArea], [numero]) VALUES (1, N'11', N'12312313')
INSERT [dbo].[telefono] ([idTelefono], [codArea], [numero]) VALUES (2, N'11', N'112324322')
INSERT [dbo].[telefono] ([idTelefono], [codArea], [numero]) VALUES (1002, N'11', N'1111111')
INSERT [dbo].[telefono] ([idTelefono], [codArea], [numero]) VALUES (2002, N'11', N'1111111')
INSERT [dbo].[telefono] ([idTelefono], [codArea], [numero]) VALUES (2003, N'1', N'111111')
INSERT [dbo].[telefono] ([idTelefono], [codArea], [numero]) VALUES (2004, N'1', N'42342342')
INSERT [dbo].[telefono] ([idTelefono], [codArea], [numero]) VALUES (3002, N'12', N'3231231')
INSERT [dbo].[telefono] ([idTelefono], [codArea], [numero]) VALUES (3003, N'12', N'1211212')
INSERT [dbo].[telefono] ([idTelefono], [codArea], [numero]) VALUES (3004, N'11', N'111111')
SET IDENTITY_INSERT [dbo].[telefono] OFF
SET IDENTITY_INSERT [dbo].[persona] ON 

INSERT [dbo].[persona] ([idPersona], [cuil], [nombre], [apellido], [idDomicilio], [idTelefono]) VALUES (1, N'MgAwADEAMgAzADEAMgAzADEAMgAwAA==', N'Juan', N'Perez', 4, 1)
INSERT [dbo].[persona] ([idPersona], [cuil], [nombre], [apellido], [idDomicilio], [idTelefono]) VALUES (2, N'MgAwADEAMgAzADEAMgAzADEAMgAxAA==', N'Maria', N'Alvarez', 4, 1)
INSERT [dbo].[persona] ([idPersona], [cuil], [nombre], [apellido], [idDomicilio], [idTelefono]) VALUES (3, N'MgAwADEAMgAzADEAMgAzADEAMgAyAA==', N'Javier', N'Paredes', 4, 1)
INSERT [dbo].[persona] ([idPersona], [cuil], [nombre], [apellido], [idDomicilio], [idTelefono]) VALUES (4, N'MgAwADEAMgAzADEAMgAzADEAMgAzAA==', N'Pedro', N'Lopez', 4, 1)
INSERT [dbo].[persona] ([idPersona], [cuil], [nombre], [apellido], [idDomicilio], [idTelefono]) VALUES (2008, N'MgAwADgAMwA', N'juan', N'perezzz', 3005, 3002)
INSERT [dbo].[persona] ([idPersona], [cuil], [nombre], [apellido], [idDomicilio], [idTelefono]) VALUES (2009, N'MgAzADIAMwAxADIAMwAxADMAMQAzAA==', N'juancito', N'perez', 3006, 3003)
INSERT [dbo].[persona] ([idPersona], [cuil], [nombre], [apellido], [idDomicilio], [idTelefono]) VALUES (2010, N'MgAxADIAMQAyADEAMgAxADIAMQAyAA==', N'sasa', N'ss', 3007, 3004)
SET IDENTITY_INSERT [dbo].[persona] OFF
SET IDENTITY_INSERT [dbo].[usuario] ON 

INSERT [dbo].[usuario] ([idUsuario], [pass], [activo], [codTipo], [idPersona]) VALUES (1000, N'a665a45920422f9d417e4867efdc4fb8a04a1f3fff1fa07e998e86f7f7a27ae3', 1, 1, 1)
INSERT [dbo].[usuario] ([idUsuario], [pass], [activo], [codTipo], [idPersona]) VALUES (1001, N'a665a45920422f9d417e4867efdc4fb8a04a1f3fff1fa07e998e86f7f7a27ae3', 1, 2, 2)
INSERT [dbo].[usuario] ([idUsuario], [pass], [activo], [codTipo], [idPersona]) VALUES (1002, N'a665a45920422f9d417e4867efdc4fb8a04a1f3fff1fa07e998e86f7f7a27ae3', 1, 3, 3)
INSERT [dbo].[usuario] ([idUsuario], [pass], [activo], [codTipo], [idPersona]) VALUES (1003, N'a665a45920422f9d417e4867efdc4fb8a04a1f3fff1fa07e998e86f7f7a27ae3', 1, 4, 4)
INSERT [dbo].[usuario] ([idUsuario], [pass], [activo], [codTipo], [idPersona]) VALUES (3013, N'ff39cd7f405d80806979275ca489f498b91fbb3ca05ef2f76aa6ea78788e1e19', 0, 2, 2010)
SET IDENTITY_INSERT [dbo].[usuario] OFF
SET IDENTITY_INSERT [dbo].[estadoOrden] ON 

INSERT [dbo].[estadoOrden] ([codEstado], [descripcion]) VALUES (1, N'Necesidad')
INSERT [dbo].[estadoOrden] ([codEstado], [descripcion]) VALUES (2, N'Orden generada')
INSERT [dbo].[estadoOrden] ([codEstado], [descripcion]) VALUES (3, N'Orden aprobada')
INSERT [dbo].[estadoOrden] ([codEstado], [descripcion]) VALUES (4, N'Orden pagada')
INSERT [dbo].[estadoOrden] ([codEstado], [descripcion]) VALUES (5, N'Orden recibida')
SET IDENTITY_INSERT [dbo].[estadoOrden] OFF
INSERT [dbo].[proveedor] ([cuit], [razonSocial], [idDomicilio], [idTelefono]) VALUES (N'30123454540', N'La Serenisima', 4, 1)
INSERT [dbo].[proveedor] ([cuit], [razonSocial], [idDomicilio], [idTelefono]) VALUES (N'30232239230', N'Great Foods', 4, 1)
INSERT [dbo].[proveedor] ([cuit], [razonSocial], [idDomicilio], [idTelefono]) VALUES (N'30239229230', N'Coca-Cola', 4, 1)
INSERT [dbo].[proveedor] ([cuit], [razonSocial], [idDomicilio], [idTelefono]) VALUES (N'30239233230', N'Rusty', 4, 1)
INSERT [dbo].[proveedor] ([cuit], [razonSocial], [idDomicilio], [idTelefono]) VALUES (N'30239239230', N'Pepsi-Co', 4, 1)
INSERT [dbo].[proveedor] ([cuit], [razonSocial], [idDomicilio], [idTelefono]) VALUES (N'30239439230', N'Dove', 4, 1)
INSERT [dbo].[proveedor] ([cuit], [razonSocial], [idDomicilio], [idTelefono]) VALUES (N'30252239230', N'La Despensa', 4, 1)
INSERT [dbo].[proveedor] ([cuit], [razonSocial], [idDomicilio], [idTelefono]) VALUES (N'30545353530', N'SanCor', 4, 1)
INSERT [dbo].[proveedor] ([cuit], [razonSocial], [idDomicilio], [idTelefono]) VALUES (N'30934234240', N'Terrabusi', 4, 1)
SET IDENTITY_INSERT [dbo].[ordenDeCompra] ON 

INSERT [dbo].[ordenDeCompra] ([nroOrden], [fecha], [cuitProveedor], [estado]) VALUES (2109, CAST(N'2020-06-21T23:53:21.3670000' AS DateTime2), N'30123454540', 1)
INSERT [dbo].[ordenDeCompra] ([nroOrden], [fecha], [cuitProveedor], [estado]) VALUES (2110, CAST(N'2020-06-21T23:56:04.9670000' AS DateTime2), N'30123454540', 1)
INSERT [dbo].[ordenDeCompra] ([nroOrden], [fecha], [cuitProveedor], [estado]) VALUES (2111, CAST(N'2020-06-21T23:58:19.2570000' AS DateTime2), N'30123454540', 1)
INSERT [dbo].[ordenDeCompra] ([nroOrden], [fecha], [cuitProveedor], [estado]) VALUES (2112, CAST(N'2020-06-21T23:59:40.1670000' AS DateTime2), N'30123454540', 1)
INSERT [dbo].[ordenDeCompra] ([nroOrden], [fecha], [cuitProveedor], [estado]) VALUES (2113, CAST(N'2020-06-22T00:03:14.0130000' AS DateTime2), N'30123454540', 1)
INSERT [dbo].[ordenDeCompra] ([nroOrden], [fecha], [cuitProveedor], [estado]) VALUES (2114, CAST(N'2020-06-22T00:08:50.3218837' AS DateTime2), N'30123454540', 1)
INSERT [dbo].[ordenDeCompra] ([nroOrden], [fecha], [cuitProveedor], [estado]) VALUES (2115, CAST(N'2020-06-22T00:12:30.0012943' AS DateTime2), N'30123454540', 5)
INSERT [dbo].[ordenDeCompra] ([nroOrden], [fecha], [cuitProveedor], [estado]) VALUES (2116, CAST(N'2020-06-22T00:13:46.2829718' AS DateTime2), N'30123454540', 1)
INSERT [dbo].[ordenDeCompra] ([nroOrden], [fecha], [cuitProveedor], [estado]) VALUES (2117, CAST(N'2020-06-22T00:46:20.5874644' AS DateTime2), N'30239229230', 5)
INSERT [dbo].[ordenDeCompra] ([nroOrden], [fecha], [cuitProveedor], [estado]) VALUES (2118, CAST(N'2020-06-22T00:49:08.5133780' AS DateTime2), N'30252239230', 5)
SET IDENTITY_INSERT [dbo].[ordenDeCompra] OFF
SET IDENTITY_INSERT [dbo].[almacen] ON 

INSERT [dbo].[almacen] ([nroAlmacen], [descripcion]) VALUES (1, N'almacen de comestibles')
INSERT [dbo].[almacen] ([nroAlmacen], [descripcion]) VALUES (2, N'almacen de limpieza')
INSERT [dbo].[almacen] ([nroAlmacen], [descripcion]) VALUES (3, N'almacen variado')
SET IDENTITY_INSERT [dbo].[almacen] OFF
SET IDENTITY_INSERT [dbo].[categoriaProducto] ON 

INSERT [dbo].[categoriaProducto] ([codCategoria], [nombreCategoria], [nroAlmacen]) VALUES (1, N'alimentos', 1)
INSERT [dbo].[categoriaProducto] ([codCategoria], [nombreCategoria], [nroAlmacen]) VALUES (2, N'limpieza', 2)
INSERT [dbo].[categoriaProducto] ([codCategoria], [nombreCategoria], [nroAlmacen]) VALUES (3, N'bebidas', 1)
INSERT [dbo].[categoriaProducto] ([codCategoria], [nombreCategoria], [nroAlmacen]) VALUES (5, N'higiene personal', 2)
INSERT [dbo].[categoriaProducto] ([codCategoria], [nombreCategoria], [nroAlmacen]) VALUES (6, N'varios', 3)
SET IDENTITY_INSERT [dbo].[categoriaProducto] OFF
SET IDENTITY_INSERT [dbo].[producto] ON 

INSERT [dbo].[producto] ([codProducto], [nombre], [descripcion], [activo], [codCategoria]) VALUES (2, N'azucar', N'Ledesma 1kg', 1, 1)
INSERT [dbo].[producto] ([codProducto], [nombre], [descripcion], [activo], [codCategoria]) VALUES (4, N'alfajor', N'Jorgito triple', 1, 1)
INSERT [dbo].[producto] ([codProducto], [nombre], [descripcion], [activo], [codCategoria]) VALUES (5, N'chicle', N'Beldent x10u', 1, 1)
INSERT [dbo].[producto] ([codProducto], [nombre], [descripcion], [activo], [codCategoria]) VALUES (19, N'lavandina', N'Ayudin', 1, 2)
INSERT [dbo].[producto] ([codProducto], [nombre], [descripcion], [activo], [codCategoria]) VALUES (20, N'jabon', N'Dove original', 1, 5)
INSERT [dbo].[producto] ([codProducto], [nombre], [descripcion], [activo], [codCategoria]) VALUES (21, N'detergente', N'Magistral 1t', 0, 2)
INSERT [dbo].[producto] ([codProducto], [nombre], [descripcion], [activo], [codCategoria]) VALUES (22, N'aceite', N'Marolio', 1, 1)
INSERT [dbo].[producto] ([codProducto], [nombre], [descripcion], [activo], [codCategoria]) VALUES (23, N'harina', N'Blancaflor', 1, 1)
INSERT [dbo].[producto] ([codProducto], [nombre], [descripcion], [activo], [codCategoria]) VALUES (1021, N'vinagre', N'Dos anclas', 1, 1)
INSERT [dbo].[producto] ([codProducto], [nombre], [descripcion], [activo], [codCategoria]) VALUES (1022, N'papel', N'Scott 10 mts', 1, 2)
INSERT [dbo].[producto] ([codProducto], [nombre], [descripcion], [activo], [codCategoria]) VALUES (2021, N'trapo', N'Trapo de piso Extralimp', 1, 2)
INSERT [dbo].[producto] ([codProducto], [nombre], [descripcion], [activo], [codCategoria]) VALUES (3021, N'gaseosa', N'Pepsi 1lt', 1, 3)
INSERT [dbo].[producto] ([codProducto], [nombre], [descripcion], [activo], [codCategoria]) VALUES (3022, N'pollo', N'Pollo entero', 1, 1)
INSERT [dbo].[producto] ([codProducto], [nombre], [descripcion], [activo], [codCategoria]) VALUES (3024, N'gaseosa', N'Coca-Cola 2.25lt', 1, 3)
INSERT [dbo].[producto] ([codProducto], [nombre], [descripcion], [activo], [codCategoria]) VALUES (3025, N'rasuradora', N'Gillette descartable', 1, 5)
INSERT [dbo].[producto] ([codProducto], [nombre], [descripcion], [activo], [codCategoria]) VALUES (3026, N'sabanas', N'Set de sabanas Arredo', 1, 6)
INSERT [dbo].[producto] ([codProducto], [nombre], [descripcion], [activo], [codCategoria]) VALUES (3027, N'alfajor', N'Havanna x6', 1, 1)
INSERT [dbo].[producto] ([codProducto], [nombre], [descripcion], [activo], [codCategoria]) VALUES (3028, N'mochila', N'Rusty', 1, 6)
INSERT [dbo].[producto] ([codProducto], [nombre], [descripcion], [activo], [codCategoria]) VALUES (3029, N'regla', N'Pizzini 30cm', 1, 6)
INSERT [dbo].[producto] ([codProducto], [nombre], [descripcion], [activo], [codCategoria]) VALUES (3030, N'jugo', N'Villa del Sur Pomelo 2lt', 1, 3)
INSERT [dbo].[producto] ([codProducto], [nombre], [descripcion], [activo], [codCategoria]) VALUES (3031, N'agua mineral', N'Villa del Sur 2lt', 1, 3)
INSERT [dbo].[producto] ([codProducto], [nombre], [descripcion], [activo], [codCategoria]) VALUES (3032, N'jabon en polvo', N'ACE', 1, 2)
INSERT [dbo].[producto] ([codProducto], [nombre], [descripcion], [activo], [codCategoria]) VALUES (3033, N'desodorante', N'AXE masculino', 1, 5)
INSERT [dbo].[producto] ([codProducto], [nombre], [descripcion], [activo], [codCategoria]) VALUES (3034, N'perfume', N'Kevin 100cc', 1, 5)
INSERT [dbo].[producto] ([codProducto], [nombre], [descripcion], [activo], [codCategoria]) VALUES (3036, N'desodorante', N'Rexona masc.', 1, 5)
INSERT [dbo].[producto] ([codProducto], [nombre], [descripcion], [activo], [codCategoria]) VALUES (3037, N'yogur', N'La Serenisima frutilla', 1, 3)
SET IDENTITY_INSERT [dbo].[producto] OFF
SET IDENTITY_INSERT [dbo].[detalleOrden] ON 

INSERT [dbo].[detalleOrden] ([nroDetalleOrden], [codProducto], [cantidad], [precio], [nroOrden]) VALUES (2124, 5, NULL, NULL, 2109)
INSERT [dbo].[detalleOrden] ([nroDetalleOrden], [codProducto], [cantidad], [precio], [nroOrden]) VALUES (2125, 4, NULL, NULL, 2109)
INSERT [dbo].[detalleOrden] ([nroDetalleOrden], [codProducto], [cantidad], [precio], [nroOrden]) VALUES (2126, 2, NULL, NULL, 2109)
INSERT [dbo].[detalleOrden] ([nroDetalleOrden], [codProducto], [cantidad], [precio], [nroOrden]) VALUES (2127, 3021, NULL, NULL, 2110)
INSERT [dbo].[detalleOrden] ([nroDetalleOrden], [codProducto], [cantidad], [precio], [nroOrden]) VALUES (2128, 2021, NULL, NULL, 2110)
INSERT [dbo].[detalleOrden] ([nroDetalleOrden], [codProducto], [cantidad], [precio], [nroOrden]) VALUES (2129, 1022, NULL, NULL, 2110)
INSERT [dbo].[detalleOrden] ([nroDetalleOrden], [codProducto], [cantidad], [precio], [nroOrden]) VALUES (2130, 3021, NULL, NULL, 2111)
INSERT [dbo].[detalleOrden] ([nroDetalleOrden], [codProducto], [cantidad], [precio], [nroOrden]) VALUES (2131, 2021, NULL, NULL, 2111)
INSERT [dbo].[detalleOrden] ([nroDetalleOrden], [codProducto], [cantidad], [precio], [nroOrden]) VALUES (2132, 1022, NULL, NULL, 2111)
INSERT [dbo].[detalleOrden] ([nroDetalleOrden], [codProducto], [cantidad], [precio], [nroOrden]) VALUES (2133, 1021, NULL, NULL, 2111)
INSERT [dbo].[detalleOrden] ([nroDetalleOrden], [codProducto], [cantidad], [precio], [nroOrden]) VALUES (2134, 23, NULL, NULL, 2112)
INSERT [dbo].[detalleOrden] ([nroDetalleOrden], [codProducto], [cantidad], [precio], [nroOrden]) VALUES (2135, 22, NULL, NULL, 2112)
INSERT [dbo].[detalleOrden] ([nroDetalleOrden], [codProducto], [cantidad], [precio], [nroOrden]) VALUES (2136, 20, NULL, NULL, 2112)
INSERT [dbo].[detalleOrden] ([nroDetalleOrden], [codProducto], [cantidad], [precio], [nroOrden]) VALUES (2137, 20, NULL, NULL, 2114)
INSERT [dbo].[detalleOrden] ([nroDetalleOrden], [codProducto], [cantidad], [precio], [nroOrden]) VALUES (2138, 22, 1, 3.0000, 2115)
INSERT [dbo].[detalleOrden] ([nroDetalleOrden], [codProducto], [cantidad], [precio], [nroOrden]) VALUES (2139, 22, NULL, NULL, 2116)
INSERT [dbo].[detalleOrden] ([nroDetalleOrden], [codProducto], [cantidad], [precio], [nroOrden]) VALUES (2140, 3024, 9, 99.0000, 2117)
INSERT [dbo].[detalleOrden] ([nroDetalleOrden], [codProducto], [cantidad], [precio], [nroOrden]) VALUES (2141, 4, 9, 30.0000, 2118)
INSERT [dbo].[detalleOrden] ([nroDetalleOrden], [codProducto], [cantidad], [precio], [nroOrden]) VALUES (2142, 3027, 14, 320.0000, 2118)
INSERT [dbo].[detalleOrden] ([nroDetalleOrden], [codProducto], [cantidad], [precio], [nroOrden]) VALUES (2143, 3031, 28, 40.0000, 2118)
INSERT [dbo].[detalleOrden] ([nroDetalleOrden], [codProducto], [cantidad], [precio], [nroOrden]) VALUES (2144, 3030, 25, 45.0000, 2118)
SET IDENTITY_INSERT [dbo].[detalleOrden] OFF
SET IDENTITY_INSERT [dbo].[historicoOrdenDeCompra] ON 

INSERT [dbo].[historicoOrdenDeCompra] ([idHistoricoOrden], [idUsuario], [codEstado], [nroOrden], [fecha]) VALUES (2079, 1002, 1, 2109, CAST(N'2020-06-21T23:53:21.3670000' AS DateTime2))
INSERT [dbo].[historicoOrdenDeCompra] ([idHistoricoOrden], [idUsuario], [codEstado], [nroOrden], [fecha]) VALUES (2080, 1002, 1, 2110, CAST(N'2020-06-21T23:56:04.9700000' AS DateTime2))
INSERT [dbo].[historicoOrdenDeCompra] ([idHistoricoOrden], [idUsuario], [codEstado], [nroOrden], [fecha]) VALUES (2081, 1002, 1, 2111, CAST(N'2020-06-21T23:58:19.2600000' AS DateTime2))
INSERT [dbo].[historicoOrdenDeCompra] ([idHistoricoOrden], [idUsuario], [codEstado], [nroOrden], [fecha]) VALUES (2082, 1002, 1, 2112, CAST(N'2020-06-21T23:59:40.1900000' AS DateTime2))
INSERT [dbo].[historicoOrdenDeCompra] ([idHistoricoOrden], [idUsuario], [codEstado], [nroOrden], [fecha]) VALUES (2083, 1002, 1, 2113, CAST(N'2020-06-22T00:03:14.0570000' AS DateTime2))
INSERT [dbo].[historicoOrdenDeCompra] ([idHistoricoOrden], [idUsuario], [codEstado], [nroOrden], [fecha]) VALUES (2084, 1002, 1, 2114, CAST(N'2020-06-22T00:08:50.3288878' AS DateTime2))
INSERT [dbo].[historicoOrdenDeCompra] ([idHistoricoOrden], [idUsuario], [codEstado], [nroOrden], [fecha]) VALUES (2085, 1002, 1, 2115, CAST(N'2020-06-22T00:12:30.0198331' AS DateTime2))
INSERT [dbo].[historicoOrdenDeCompra] ([idHistoricoOrden], [idUsuario], [codEstado], [nroOrden], [fecha]) VALUES (2086, 1002, 1, 2116, CAST(N'2020-06-22T00:13:46.2928490' AS DateTime2))
INSERT [dbo].[historicoOrdenDeCompra] ([idHistoricoOrden], [idUsuario], [codEstado], [nroOrden], [fecha]) VALUES (2087, 1003, 2, 2115, CAST(N'2020-06-22T00:21:16.2175481' AS DateTime2))
INSERT [dbo].[historicoOrdenDeCompra] ([idHistoricoOrden], [idUsuario], [codEstado], [nroOrden], [fecha]) VALUES (2088, 1001, 3, 2115, CAST(N'2020-06-22T00:21:49.8974947' AS DateTime2))
INSERT [dbo].[historicoOrdenDeCompra] ([idHistoricoOrden], [idUsuario], [codEstado], [nroOrden], [fecha]) VALUES (2089, 1003, 4, 2115, CAST(N'2020-06-22T00:22:15.4463927' AS DateTime2))
INSERT [dbo].[historicoOrdenDeCompra] ([idHistoricoOrden], [idUsuario], [codEstado], [nroOrden], [fecha]) VALUES (2090, 1002, 5, 2115, CAST(N'2020-06-22T00:22:36.9879241' AS DateTime2))
INSERT [dbo].[historicoOrdenDeCompra] ([idHistoricoOrden], [idUsuario], [codEstado], [nroOrden], [fecha]) VALUES (2091, 1002, 1, 2117, CAST(N'2020-06-22T00:46:20.6030879' AS DateTime2))
INSERT [dbo].[historicoOrdenDeCompra] ([idHistoricoOrden], [idUsuario], [codEstado], [nroOrden], [fecha]) VALUES (2092, 1003, 2, 2117, CAST(N'2020-06-22T00:46:47.8557694' AS DateTime2))
INSERT [dbo].[historicoOrdenDeCompra] ([idHistoricoOrden], [idUsuario], [codEstado], [nroOrden], [fecha]) VALUES (2093, 1001, 3, 2117, CAST(N'2020-06-22T00:47:02.1206945' AS DateTime2))
INSERT [dbo].[historicoOrdenDeCompra] ([idHistoricoOrden], [idUsuario], [codEstado], [nroOrden], [fecha]) VALUES (2094, 1003, 4, 2117, CAST(N'2020-06-22T00:47:16.8041225' AS DateTime2))
INSERT [dbo].[historicoOrdenDeCompra] ([idHistoricoOrden], [idUsuario], [codEstado], [nroOrden], [fecha]) VALUES (2095, 1002, 5, 2117, CAST(N'2020-06-22T00:47:39.6853922' AS DateTime2))
INSERT [dbo].[historicoOrdenDeCompra] ([idHistoricoOrden], [idUsuario], [codEstado], [nroOrden], [fecha]) VALUES (2096, 1002, 1, 2118, CAST(N'2020-06-22T00:49:08.5133780' AS DateTime2))
INSERT [dbo].[historicoOrdenDeCompra] ([idHistoricoOrden], [idUsuario], [codEstado], [nroOrden], [fecha]) VALUES (2097, 1003, 2, 2118, CAST(N'2020-06-22T00:50:00.3228512' AS DateTime2))
INSERT [dbo].[historicoOrdenDeCompra] ([idHistoricoOrden], [idUsuario], [codEstado], [nroOrden], [fecha]) VALUES (2098, 1001, 3, 2118, CAST(N'2020-06-22T00:50:16.7242374' AS DateTime2))
INSERT [dbo].[historicoOrdenDeCompra] ([idHistoricoOrden], [idUsuario], [codEstado], [nroOrden], [fecha]) VALUES (2099, 1003, 4, 2118, CAST(N'2020-06-22T00:50:34.1020935' AS DateTime2))
INSERT [dbo].[historicoOrdenDeCompra] ([idHistoricoOrden], [idUsuario], [codEstado], [nroOrden], [fecha]) VALUES (2100, 1002, 5, 2118, CAST(N'2020-06-22T00:51:00.3977638' AS DateTime2))
SET IDENTITY_INSERT [dbo].[historicoOrdenDeCompra] OFF
SET IDENTITY_INSERT [dbo].[stock] ON 

INSERT [dbo].[stock] ([idStock], [nroDetalleOrden], [nroAlmacen], [cantidadPedida], [cantidadRecibida], [precio], [fecha]) VALUES (1018, 2138, 1, 2, 1, 3.0000, CAST(N'2020-06-22T00:22:37.0359281' AS DateTime2))
INSERT [dbo].[stock] ([idStock], [nroDetalleOrden], [nroAlmacen], [cantidadPedida], [cantidadRecibida], [precio], [fecha]) VALUES (1019, 2140, 1, 10, 9, 99.0000, CAST(N'2020-06-22T00:47:39.6933867' AS DateTime2))
INSERT [dbo].[stock] ([idStock], [nroDetalleOrden], [nroAlmacen], [cantidadPedida], [cantidadRecibida], [precio], [fecha]) VALUES (1020, 2141, 1, 9, 9, 30.0000, CAST(N'2020-06-22T00:51:00.3977638' AS DateTime2))
INSERT [dbo].[stock] ([idStock], [nroDetalleOrden], [nroAlmacen], [cantidadPedida], [cantidadRecibida], [precio], [fecha]) VALUES (1021, 2142, 1, 15, 14, 320.0000, CAST(N'2020-06-22T00:51:00.3977638' AS DateTime2))
INSERT [dbo].[stock] ([idStock], [nroDetalleOrden], [nroAlmacen], [cantidadPedida], [cantidadRecibida], [precio], [fecha]) VALUES (1022, 2143, 1, 30, 28, 40.0000, CAST(N'2020-06-22T00:51:00.3977638' AS DateTime2))
INSERT [dbo].[stock] ([idStock], [nroDetalleOrden], [nroAlmacen], [cantidadPedida], [cantidadRecibida], [precio], [fecha]) VALUES (1023, 2144, 1, 25, 25, 45.0000, CAST(N'2020-06-22T00:51:00.3977638' AS DateTime2))
SET IDENTITY_INSERT [dbo].[stock] OFF
SET IDENTITY_INSERT [dbo].[tipoUsuario] ON 

INSERT [dbo].[tipoUsuario] ([codTipo], [nombre]) VALUES (1, N'Administrador')
INSERT [dbo].[tipoUsuario] ([codTipo], [nombre]) VALUES (2, N'Gerente de compras')
INSERT [dbo].[tipoUsuario] ([codTipo], [nombre]) VALUES (3, N'Repositor')
INSERT [dbo].[tipoUsuario] ([codTipo], [nombre]) VALUES (4, N'Empleado de compras')
SET IDENTITY_INSERT [dbo].[tipoUsuario] OFF
